ダウンロードした時刻：2022/02/11 09:21:32,,,,,,,,,,,,,,,,,,,,,,,,,,,,,,,,,,,,,,,,,,
,,,,,,,,,,,,,,,,,,,,,,,,,,,,,,,,,,,,,,,,,,
,,,苫小牧,苫小牧,苫小牧,苫小牧,苫小牧,苫小牧,苫小牧,苫小牧,苫小牧,苫小牧,神戸,神戸,神戸,神戸,神戸,神戸,神戸,神戸,神戸,神戸,富士山,富士山,富士山,富士山,富士山,富士山,富士山,富士山,富士山,富士山,昭和（南極）,昭和（南極）,昭和（南極）,昭和（南極）,昭和（南極）,昭和（南極）,昭和（南極）,昭和（南極）,昭和（南極）,昭和（南極）
年,月,日,最高気温(℃),最高気温(℃),最高気温(℃),最高気温(℃),最高気温(℃),最低気温(℃),最低気温(℃),最低気温(℃),最低気温(℃),最低気温(℃),最高気温(℃),最高気温(℃),最高気温(℃),最高気温(℃),最高気温(℃),最低気温(℃),最低気温(℃),最低気温(℃),最低気温(℃),最低気温(℃),最高気温(℃),最高気温(℃),最高気温(℃),最高気温(℃),最高気温(℃),最低気温(℃),最低気温(℃),最低気温(℃),最低気温(℃),最低気温(℃),最高気温(℃),最高気温(℃),最高気温(℃),最高気温(℃),最高気温(℃),最低気温(℃),最低気温(℃),最低気温(℃),最低気温(℃),最低気温(℃)
,,,,,,平年値(℃),平年値(℃),,,,平年値(℃),平年値(℃),,,,平年値(℃),平年値(℃),,,,平年値(℃),平年値(℃),,,,平年値(℃),平年値(℃),,,,平年値(℃),平年値(℃),,,,平年値(℃),平年値(℃),,,,平年値(℃),平年値(℃)
,,,,品質情報,均質番号,,品質情報,,品質情報,均質番号,,品質情報,,品質情報,均質番号,,品質情報,,品質情報,均質番号,,品質情報,,品質情報,均質番号,,品質情報,,品質情報,均質番号,,品質情報,,品質情報,均質番号,,品質情報,,品質情報,均質番号,,品質情報
,,,苫小牧最高気温(℃),苫小牧最高気温(℃),苫小牧最高気温(℃),苫小牧最高気温(℃)平年値(℃),苫小牧最高気温(℃)平年値(℃),苫小牧最低気温(℃),苫小牧最低気温(℃),苫小牧最低気温(℃),苫小牧最低気温(℃)平年値(℃),苫小牧最低気温(℃)平年値(℃),神戸最高気温(℃),神戸最高気温(℃),神戸最高気温(℃),神戸最高気温(℃)平年値(℃),神戸最高気温(℃)平年値(℃),神戸最低気温(℃),神戸最低気温(℃),神戸最低気温(℃),神戸最低気温(℃)平年値(℃),神戸最低気温(℃)平年値(℃),富士山最高気温(℃),富士山最高気温(℃),富士山最高気温(℃),富士山最高気温(℃)平年値(℃),富士山最高気温(℃)平年値(℃),富士山最低気温(℃),富士山最低気温(℃),富士山最低気温(℃),富士山最低気温(℃)平年値(℃),富士山最低気温(℃)平年値(℃),昭和（南極）最高気温(℃),昭和（南極）最高気温(℃),昭和（南極）最高気温(℃),昭和（南極）最高気温(℃)平年値(℃),昭和（南極）最高気温(℃)平年値(℃),昭和（南極）最低気温(℃),昭和（南極）最低気温(℃),昭和（南極）最低気温(℃),昭和（南極）最低気温(℃)平年値(℃),昭和（南極）最低気温(℃)平年値(℃)
2020,7,1,22.9,8,1,19.5,8,16.9,8,1,14,8,25.9,8,1,28.2,8,22.8,8,1,22.9,8,6.7,8,1,6.3,8,2.3,8,1,1.2,8,-15.9,8,1,-12.3,8,-21.7,8,1,-19.5,8
2020,7,2,18.7,8,1,19.6,8,16.6,8,1,14.1,8,27.3,8,1,28.4,8,21.1,8,1,23.1,8,5.2,8,1,6.4,8,-1.2,8,1,1.3,8,-18.5,8,1,-12.5,8,-27.1,8,1,-19.5,8
2020,7,3,22,8,1,19.7,8,14.9,8,1,14.3,8,23.8,8,1,28.5,8,21.1,8,1,23.2,8,5,8,1,6.6,8,1.1,8,1,1.4,8,-22.8,8,1,-12.7,8,-29.1,8,1,-19.6,8
2020,7,4,17.2,8,1,19.8,8,15.8,8,1,14.4,8,26.9,8,1,28.7,8,21,8,1,23.4,8,7.8,8,1,6.7,8,2.9,8,1,1.6,8,-23.7,8,1,-12.8,8,-32.8,8,1,-19.8,8
2020,7,5,20.1,8,1,19.9,8,15.5,8,1,14.6,8,28.5,8,1,28.8,8,22.4,8,1,23.5,8,5.7,8,1,6.8,8,-0.3,8,1,1.7,8,-26.4,8,1,-13.1,8,-35.1,8,1,-19.9,8
2020,7,6,20.5,8,1,20,8,15.8,8,1,14.7,8,25.7,8,1,28.9,8,23.6,8,1,23.6,8,7,8,1,6.9,8,3.8,8,1,1.8,8,-24.9,8,1,-13.3,8,-29.5,8,1,-20.1,8
2020,7,7,20,8,1,20.1,8,15.7,8,1,14.8,8,26.4,8,1,29.1,8,22.5,8,1,23.7,8,7.8,8,1,7.1,8,4.9,8,1,1.9,8,-20.3,8,1,-13.5,8,-31.4,8,1,-20.3,8
2020,7,8,17.9,8,1,20.3,8,17.1,8,1,15,8,28,8,1,29.2,8,22.3,8,1,23.9,8,8.2,8,1,7.2,8,2.3,8,1,2,8,-19.7,8,1,-13.7,8,-34.4,8,1,-20.5,8
2020,7,9,24.1,8,1,20.4,8,15.3,8,1,15.1,8,27.3,8,1,29.4,8,23.6,8,1,24,8,5.5,8,1,7.3,8,2.2,8,1,2.1,8,-10.3,8,1,-13.9,8,-21.9,8,1,-20.7,8
2020,7,10,25.5,8,1,20.5,8,14.4,8,1,15.2,8,28,8,1,29.5,8,23.7,8,1,24.1,8,6.4,8,1,7.4,8,3.2,8,1,2.3,8,-6,8,1,-14.1,8,-11.6,8,1,-20.9,8
2020,7,11,26.8,8,1,20.6,8,18,8,1,15.4,8,27,8,1,29.7,8,24,8,1,24.2,8,8.3,8,1,7.5,8,2.7,8,1,2.4,8,-6.1,8,1,-14.2,8,-8.7,8,1,-21.1,8
2020,7,12,21.9,8,1,20.7,8,17.2,8,1,15.5,8,29.8,8,1,29.8,8,22.9,8,1,24.3,8,8.7,8,1,7.6,8,0,8,1,2.5,8,-4.6,8,1,-14.4,8,-8,8,1,-21.4,8
2020,7,13,20.1,8,1,20.7,8,16.6,8,1,15.6,8,23.4,8,1,30,8,19.9,8,1,24.4,8,3.5,8,1,7.7,8,-1.2,8,1,2.6,8,-5.4,8,1,-14.5,8,-14.6,8,1,-21.6,8
2020,7,14,20.2,8,1,20.8,8,16,8,1,15.7,8,26.1,8,1,30.2,8,22.7,8,1,24.5,8,6.2,8,1,7.8,8,2.5,8,1,2.6,8,-14.2,8,1,-14.7,8,-23.8,8,1,-21.7,8
2020,7,15,21.7,8,1,20.9,8,15.4,8,1,15.9,8,27.7,8,1,30.3,8,23,8,1,24.6,8,6.1,8,1,7.9,8,-0.2,8,1,2.7,8,-22.8,8,1,-14.7,8,-28.2,8,1,-21.9,8
2020,7,16,20.1,8,1,21,8,16.4,8,1,16,8,29.3,8,1,30.5,8,22.2,8,1,24.8,8,5.4,8,1,8,8,1.4,8,1,2.8,8,-25.9,8,1,-14.8,8,-34.3,8,1,-22,8
2020,7,17,19.9,8,1,21,8,17.2,8,1,16.1,8,27.6,8,1,30.6,8,23.7,8,1,24.9,8,7.1,8,1,8.1,8,4,8,1,2.9,8,-29.6,8,1,-14.9,8,-37.5,8,1,-22.2,8
2020,7,18,21.7,8,1,21.1,8,16.5,8,1,16.3,8,29.4,8,1,30.8,8,23.6,8,1,25,8,6.6,8,1,8.2,8,-2.7,8,1,3,8,-11.3,8,1,-14.9,8,-30.4,8,1,-22.2,8
2020,7,19,22.5,8,1,21.2,8,16.9,8,1,16.4,8,31,8,1,30.9,8,25,8,1,25.1,8,7.5,8,1,8.3,8,2.1,8,1,3.1,8,-10.7,8,1,-14.9,8,-14,8,1,-22.3,8
2020,7,20,23.9,8,1,21.3,8,17.9,8,1,16.5,8,31,8,1,31.1,8,25.8,8,1,25.2,8,6.5,8,1,8.4,8,2.8,8,1,3.2,8,-11.9,8,1,-14.9,8,-17.5,8,1,-22.3,8
2020,7,21,19.3,8,1,21.4,8,17.7,8,1,16.7,8,33.6,8,1,31.2,8,26.4,8,1,25.3,8,7.9,8,1,8.6,8,2.8,8,1,3.3,8,-13.1,8,1,-14.9,8,-22.6,5,1,-22.3,8
2020,7,22,20.8,8,1,21.5,8,18.3,8,1,16.8,8,31,8,1,31.3,8,26.3,8,1,25.4,8,9.2,8,1,8.7,8,2.3,8,1,3.4,8,-14.3,8,1,-14.9,8,-28.2,8,1,-22.3,8
2020,7,23,25.1,8,1,21.7,8,18.9,8,1,17,8,29.4,8,1,31.5,8,26.1,8,1,25.5,8,6.2,8,1,8.8,8,2.3,8,1,3.4,8,-8.7,8,1,-14.9,8,-14.8,8,1,-22.3,8
2020,7,24,24.4,8,1,21.8,8,18.8,8,1,17.1,8,29,8,1,31.6,8,24.3,8,1,25.6,8,6,8,1,8.9,8,2.8,8,1,3.5,8,-8.3,8,1,-14.9,8,-15.1,8,1,-22.3,8
2020,7,25,19.1,8,1,22,8,17.3,8,1,17.3,8,26.4,8,1,31.7,8,23.2,8,1,25.7,8,7,8,1,9,8,3.3,8,1,3.6,8,-14.8,8,1,-14.9,8,-21.9,8,1,-22.3,8
2020,7,26,19.5,8,1,22.2,8,16.8,8,1,17.4,8,28.9,8,1,31.8,8,24,8,1,25.8,8,6.7,8,1,9.1,8,3.8,8,1,3.7,8,-15.2,8,1,-14.9,8,-24,8,1,-22.3,8
2020,7,27,17.5,8,1,22.3,8,16.6,8,1,17.6,8,28.8,8,1,31.9,8,23.9,8,1,25.9,8,6.6,8,1,9.3,8,3.6,8,1,3.8,8,-10.9,8,1,-14.9,8,-17.2,8,1,-22.3,8
2020,7,28,21.8,8,1,22.5,8,16.2,8,1,17.7,8,28.8,8,1,32.1,8,25.3,8,1,26,8,7.1,8,1,9.4,8,5,8,1,3.9,8,-8.3,8,1,-15,8,-11.6,8,1,-22.3,8
2020,7,29,22.1,8,1,22.7,8,16.9,8,1,17.8,8,32,8,1,32.2,8,25.4,8,1,26.1,8,7.4,8,1,9.5,8,3.9,8,1,3.9,8,-8.6,8,1,-15,8,-15.3,8,1,-22.4,8
2020,7,30,22.5,8,1,22.8,8,16.7,8,1,17.9,8,31.7,8,1,32.3,8,25.1,8,1,26.2,8,7.4,8,1,9.6,8,4.6,8,1,4,8,-12.5,8,1,-15,8,-15.3,8,1,-22.4,8
2020,7,31,22.6,8,1,22.9,8,18,8,1,18,8,33.1,8,1,32.3,8,24.7,8,1,26.2,8,6.5,8,1,9.7,8,2.7,8,1,4,8,-14.9,8,1,-15,8,-21.1,8,1,-22.5,8
2020,8,1,22.6,8,1,23,8,16.9,8,1,18.1,8,31.7,8,1,32.4,8,24.6,8,1,26.3,8,9.4,8,1,9.8,8,2.9,8,1,4.1,8,-19.5,8,1,-15,8,-31.7,8,1,-22.5,8
2020,8,2,22.1,8,1,23.1,8,19.2,8,1,18.2,8,32.1,8,1,32.5,8,26.3,8,1,26.3,8,8.4,8,1,9.9,8,1.8,8,1,4.1,8,-23.1,8,1,-15,8,-33.1,8,1,-22.6,8
2020,8,3,22.1,8,1,23.2,8,19.9,8,1,18.3,8,30.9,8,1,32.6,8,26.8,8,1,26.4,8,10.1,8,1,9.9,8,3.2,8,1,4.2,8,-20.3,8,1,-15,8,-29.3,8,1,-22.6,8
2020,8,4,23.4,8,1,23.3,8,20.6,8,1,18.4,8,32.2,8,1,32.6,8,26.5,8,1,26.4,8,12.8,8,1,10,8,5.3,8,1,4.2,8,-24.7,8,1,-14.9,8,-31.1,8,1,-22.6,8
2020,8,5,27.6,8,1,23.4,8,21.6,8,1,18.4,8,33.7,8,1,32.6,8,26.1,8,1,26.4,8,14.8,8,1,10,8,4.9,8,1,4.2,8,-10.8,8,1,-14.9,8,-25.7,8,1,-22.5,8
2020,8,6,25.1,8,1,23.4,8,21.4,8,1,18.4,8,32.2,8,1,32.6,8,26.4,8,1,26.4,8,14.7,8,1,10,8,4.7,8,1,4.2,8,-15.4,8,1,-14.8,8,-24.3,8,1,-22.5,8
2020,8,7,25.6,8,1,23.4,8,17.1,8,1,18.5,8,31.2,8,1,32.6,8,27.1,8,1,26.4,8,13.2,8,1,10,8,4.2,8,1,4.2,8,-17.8,8,1,-14.7,8,-25.1,8,1,-22.4,8
2020,8,8,23.8,8,1,23.5,8,15.5,8,1,18.5,8,30.6,8,1,32.6,8,27.3,8,1,26.5,8,9.1,8,1,10,8,2.4,8,1,4.2,8,-15.6,8,1,-14.6,8,-21.2,8,1,-22.3,8
2020,8,9,21.2,8,1,23.5,8,18.1,8,1,18.5,8,32.3,8,1,32.6,8,27.3,8,1,26.5,8,11.2,8,1,10,8,2.9,8,1,4.2,8,-8.4,8,1,-14.6,8,-20,8,1,-22.2,8
2020,8,10,21.2,8,1,23.5,8,19.6,8,1,18.5,8,33.9,8,1,32.5,8,28,8,1,26.4,8,9.7,8,1,9.9,8,5.3,8,1,4.2,8,-5.5,8,1,-14.6,8,-21.4,8,1,-22.2,8
2020,8,11,26.3,8,1,23.5,8,20.9,8,1,18.5,8,32.7,8,1,32.5,8,27.8,8,1,26.4,8,12.1,8,1,9.9,8,5.7,8,1,4.1,8,-12.2,8,1,-14.6,8,-22.8,8,1,-22.1,8
2020,8,12,29.9,8,1,23.4,8,20.8,8,1,18.4,8,33.4,8,1,32.5,8,27.5,8,1,26.4,8,11.4,8,1,9.9,8,5.6,8,1,4.1,8,-15.6,8,1,-14.6,8,-21.3,8,1,-22.1,8
2020,8,13,30.9,8,1,23.4,8,19.3,8,1,18.4,8,34.8,8,1,32.4,8,27.9,8,1,26.4,8,9.6,8,1,9.8,8,5.4,8,1,4.1,8,-12.1,8,1,-14.6,8,-20.2,8,1,-22.1,8
2020,8,14,21.1,8,1,23.4,8,17.2,8,1,18.4,8,35.5,8,1,32.4,8,28,8,1,26.4,8,10,8,1,9.8,8,6.1,8,1,4.1,8,-12.9,8,1,-14.7,8,-19.1,8,1,-22.2,8
2020,8,15,20.2,8,1,23.4,8,17.5,8,1,18.3,8,35.5,8,1,32.4,8,28,8,1,26.3,8,10.2,8,1,9.7,8,7.2,8,1,4,8,-17.4,8,1,-14.8,8,-25.1,8,1,-22.2,8
2020,8,16,25.6,8,1,23.4,8,19.5,8,1,18.2,8,36,8,1,32.3,8,28.9,8,1,26.3,8,10.6,8,1,9.6,8,6.3,8,1,4,8,-19.2,8,1,-14.9,8,-31.9,8,1,-22.4,8
2020,8,17,27.7,8,1,23.4,8,20.1,8,1,18.2,8,36,8,1,32.3,8,29.3,8,1,26.3,8,10.6,8,1,9.6,8,5.8,8,1,3.9,8,-27.8,8,1,-15.1,8,-35.7,8,1,-22.5,8
2020,8,18,25.6,8,1,23.4,8,18.6,8,1,18.1,8,35.9,8,1,32.2,8,28.8,8,1,26.2,8,9.9,8,1,9.5,8,5.3,8,1,3.8,8,-23.7,8,1,-15.2,8,-30.8,8,1,-22.6,8
2020,8,19,28.7,8,1,23.4,8,20.7,8,1,18,8,34.6,8,1,32.2,8,27.3,8,1,26.1,8,10.1,8,1,9.4,8,7.1,8,1,3.7,8,-18.4,8,1,-15.3,8,-27.2,8,1,-22.7,8
2020,8,20,26.3,8,1,23.4,8,17.2,8,1,17.9,8,34.2,8,1,32.1,8,28.3,8,1,26.1,8,14.9,8,1,9.3,8,7.1,8,1,3.7,8,-12.6,8,1,-15.4,8,-21.6,8,1,-22.9,8
2020,8,21,22.8,8,1,23.4,8,16.9,8,1,17.8,8,37.4,8,1,32,8,27.4,8,1,26,8,12.4,8,1,9.2,8,6.5,8,1,3.6,8,-7.1,8,1,-15.5,8,-16.8,8,1,-23,8
2020,8,22,23.7,8,1,23.4,8,14.1,8,1,17.7,8,35.4,8,1,32,8,27.3,8,1,25.9,8,10.4,8,1,9.1,8,3.5,8,1,3.5,8,-4.3,8,1,-15.6,8,-8.2,8,1,-23.1,8
2020,8,23,23.9,8,1,23.4,8,17,8,1,17.6,8,34.6,8,1,31.9,8,26.6,8,1,25.8,8,7.7,8,1,9.1,8,3.5,8,1,3.4,8,-6.4,8,1,-15.6,8,-9.8,8,1,-23.2,8
2020,8,24,25.1,8,1,23.4,8,16.6,8,1,17.5,8,33.3,8,1,31.8,8,27,8,1,25.7,8,6.9,8,1,9,8,3.8,8,1,3.3,8,-7.6,8,1,-15.6,8,-10.6,8,1,-23.3,8
2020,8,25,21.9,8,1,23.4,8,20.3,8,1,17.4,8,33.9,8,1,31.7,8,27.7,8,1,25.6,8,10.2,8,1,8.9,8,4,8,1,3.2,8,-9.6,8,1,-15.7,8,-15,8,1,-23.3,8
2020,8,26,25.8,8,1,23.4,8,20.9,8,1,17.3,8,34.4,8,1,31.6,8,28,8,1,25.5,8,10.7,8,1,8.9,8,5.5,8,1,3.1,8,-14.5,8,1,-15.7,8,-18.7,8,1,-23.3,8
2020,8,27,24.9,8,1,23.4,8,20.9,8,1,17.2,8,34.3,8,1,31.5,8,27.4,8,1,25.4,8,10.7,8,1,8.8,8,4.6,8,1,3,8,-18,8,1,-15.7,8,-24.9,8,1,-23.4,8
2020,8,28,26,8,1,23.4,8,21.4,8,1,17.1,8,33.1,8,1,31.4,8,28.7,8,1,25.3,8,10.3,8,1,8.8,8,5.3,8,1,2.9,8,-19.3,8,1,-15.7,8,-25.1,8,1,-23.4,8
2020,8,29,30.7,8,1,23.4,8,19.2,8,1,17,8,35.4,8,1,31.3,8,27.3,8,1,25.2,8,14.3,8,1,8.7,8,6.4,8,1,2.9,8,-10.2,8,1,-15.7,8,-20.4,8,1,-23.4,8
2020,8,30,20,8,1,23.4,8,12.6,8,1,17,8,36.2,8,1,31.2,8,27.4,8,1,25.1,8,13,8,1,8.6,8,6.4,8,1,2.8,8,-10.6,8,1,-15.7,8,-23.1,8,1,-23.4,8
2020,8,31,19.9,8,1,23.3,8,12.1,8,1,16.9,8,35.5,8,1,31.1,8,26.8,8,1,25,8,11.2,8,1,8.5,8,6.6,8,1,2.7,8,-13.9,8,1,-15.7,8,-22,8,1,-23.4,8
2020,9,1,21.3,8,1,23.3,8,15.4,8,1,16.8,8,35.4,8,1,31,8,28.3,8,1,24.9,8,12.3,8,1,8.5,8,6.2,8,1,2.6,8,-13.8,8,1,-15.7,8,-18,8,1,-23.3,8
2020,9,2,22.5,8,1,23.2,8,19.3,8,1,16.7,8,35.5,8,1,30.9,8,26.4,8,1,24.7,8,12,8,1,8.4,8,5.1,8,1,2.5,8,-16.6,8,1,-15.7,8,-27.7,8,1,-23.3,8
2020,9,3,23,8,1,23.2,8,20.7,8,1,16.6,8,31.5,8,1,30.8,8,28.3,8,1,24.6,8,8.9,8,1,8.3,8,4.6,8,1,2.4,8,-19,8,1,-15.7,8,-30.4,8,1,-23.3,8
2020,9,4,23.5,8,1,23.1,8,20.8,8,1,16.5,8,30.6,8,1,30.6,8,27.2,8,1,24.5,8,11.1,8,1,8.2,8,4.4,8,1,2.3,8,-10.3,8,1,-15.7,8,-19.8,8,1,-23.2,8
2020,9,5,22.6,8,1,23,8,20.9,8,1,16.3,8,35.1,8,1,30.5,8,25.5,8,1,24.4,8,11.2,8,1,8.1,8,4.5,8,1,2.2,8,-11.3,8,1,-15.7,8,-13.6,8,1,-23.2,8
2020,9,6,22.8,8,1,22.9,8,20.2,8,1,16.2,8,33.5,8,1,30.4,8,25.3,8,1,24.2,8,7.4,8,1,8,8,3.5,8,1,2,8,-12.7,8,1,-15.7,8,-18,8,1,-23.1,8
2020,9,7,24.7,8,1,22.8,8,21.6,8,1,16,8,32.8,8,1,30.3,8,25.7,8,1,24.1,8,7.4,8,1,7.9,8,2.3,8,1,1.9,8,-14.1,8,1,-15.7,8,-23.8,8,1,-23.1,8
2020,9,8,24.7,8,1,22.7,8,22.3,8,1,15.8,8,30.5,8,1,30.1,8,26.5,8,1,24,8,7.2,8,1,7.7,8,2,8,1,1.8,8,-8.6,8,1,-15.7,8,-16.5,8,1,-23,8
2020,9,9,27.6,8,1,22.5,8,20.3,8,1,15.6,8,27.5,8,1,30,8,23.7,8,1,23.8,8,7.5,8,1,7.6,8,2.5,8,1,1.7,8,-12.2,8,1,-15.7,8,-14.8,8,1,-23,8
2020,9,10,24.1,8,1,22.4,8,19.5,8,1,15.4,8,27.9,8,1,29.8,8,23.3,8,1,23.7,8,5,8,1,7.5,8,1.3,8,1,1.5,8,-14.4,8,1,-15.7,8,-18.7,8,1,-22.9,8
2020,9,11,26.7,8,1,22.3,8,17.5,8,1,15.1,8,29.4,8,1,29.7,8,25.3,8,1,23.5,8,10.3,8,1,7.4,8,2.6,8,1,1.4,8,-17.3,8,1,-15.7,8,-19.5,8,1,-22.9,8
2020,9,12,18.3,8,1,22.2,8,14,8,1,14.8,8,31.3,8,1,29.5,8,26.1,8,1,23.4,8,11,8,1,7.2,8,4.2,8,1,1.3,8,-17.5,8,1,-15.6,8,-19.8,8,1,-22.8,8
2020,9,13,16.6,8,1,22,8,12.7,8,1,14.6,8,29.4,8,1,29.4,8,24.5,8,1,23.2,8,7.6,8,1,7.1,8,3.6,8,1,1.1,8,-11.2,8,1,-15.5,8,-17.5,8,1,-22.7,8
2020,9,14,18.9,8,1,21.9,8,13.7,8,1,14.3,8,26.9,8,1,29.2,8,22.7,8,1,23.1,8,5.1,8,1,6.9,8,-0.3,8,1,1,8,-12.5,8,1,-15.4,8,-20.2,8,1,-22.6,8
2020,9,15,20,8,1,21.8,8,15,8,1,14,8,28.6,8,1,29,8,20.6,8,1,22.9,8,6.6,8,1,6.7,8,0.2,8,1,0.8,8,-16.4,8,1,-15.3,8,-20.7,8,1,-22.5,8
2020,9,16,23.3,8,1,21.6,8,19.5,8,1,13.7,8,28.5,8,1,28.9,8,24,8,1,22.7,8,6.9,8,1,6.6,8,0.1,8,1,0.6,8,-15.6,8,1,-15.2,8,-24,8,1,-22.4,8
2020,9,17,23.2,8,1,21.5,8,20.2,8,1,13.4,8,29.3,8,1,28.7,8,25.7,8,1,22.5,8,7.5,8,1,6.4,8,1.9,8,1,0.5,8,-17.8,8,1,-15,8,-24,8,1,-22.3,8
2020,9,18,22.4,8,1,21.3,8,15.3,8,1,13.1,8,29.1,8,1,28.5,8,23.5,8,1,22.3,8,7.4,8,1,6.2,8,3.9,8,1,0.3,8,-16.7,8,1,-14.9,8,-26,8,1,-22.1,8
2020,9,19,26.1,8,1,21.2,8,13.4,8,1,12.8,8,28.4,8,1,28.3,8,23.2,8,1,22.1,8,5.8,8,1,6,8,0,8,1,0.1,8,-17.5,8,1,-14.7,8,-24.9,8,1,-22,8
2020,9,20,23.8,8,1,21,8,12.8,8,1,12.5,8,25.9,8,1,28,8,21.7,8,1,21.9,8,0.9,8,1,5.8,8,-5.6,8,1,-0.1,8,-18.9,8,1,-14.6,8,-26.7,8,1,-21.9,8
2020,9,21,22.5,8,1,20.9,8,13.9,8,1,12.2,8,27.6,8,1,27.8,8,21.2,8,1,21.7,8,3.7,8,1,5.6,8,-5.2,8,1,-0.3,8,-23.2,8,1,-14.5,8,-31.1,8,1,-21.7,8
2020,9,22,22.7,8,1,20.7,8,11.7,8,1,12,8,28.7,8,1,27.6,8,19.6,8,1,21.5,8,7.7,8,1,5.4,8,-2,8,1,-0.5,8,-13.4,8,1,-14.3,8,-25.5,8,1,-21.6,8
2020,9,23,21.7,8,1,20.6,8,15.9,8,1,11.8,8,30.7,8,1,27.4,8,23,8,1,21.2,8,6.4,8,1,5.2,8,1.8,8,1,-0.6,8,-13.6,8,1,-14.2,8,-26.9,8,1,-21.5,8
2020,9,24,20.5,8,1,20.4,8,13.9,8,1,11.5,8,27.4,8,1,27.2,8,21.8,8,1,21,8,8.4,8,1,5.1,8,1.6,8,1,-0.8,8,-18.8,8,1,-14,8,-28.4,8,1,-21.3,8
2020,9,25,17.1,8,1,20.3,8,11.4,8,1,11.3,8,24.2,8,1,27,8,21,8,1,20.8,8,7,8,1,4.9,8,2.4,8,1,-1,8,-11.5,8,1,-13.9,8,-20.7,8,1,-21.2,8
2020,9,26,21.9,8,1,20.1,8,11.9,8,1,11.1,8,25.2,8,1,26.8,8,20.5,8,1,20.6,8,4.5,8,1,4.7,8,-2.3,8,1,-1.2,8,-10.6,8,1,-13.8,8,-13.3,8,1,-21.1,8
2020,9,27,21,8,1,20,8,13.4,8,1,10.9,8,25.7,8,1,26.6,8,19.8,8,1,20.4,8,0.8,8,1,4.6,8,-6,8,1,-1.3,8,-11.1,8,1,-13.6,8,-16.3,8,1,-21,8
2020,9,28,20.1,8,1,19.8,8,9.4,8,1,10.7,8,26.2,8,1,26.4,8,18.7,8,1,20.2,8,4,8,1,4.4,8,-4.9,8,1,-1.5,8,-14.6,8,1,-13.5,8,-25.9,8,1,-20.8,8
2020,9,29,21.2,8,1,19.6,8,8.5,8,1,10.5,8,27.5,8,1,26.2,8,19.2,8,1,20,8,5.4,8,1,4.2,8,1.4,8,1,-1.6,8,-17.9,8,1,-13.3,8,-26.1,8,1,-20.6,8
2020,9,30,20.7,8,1,19.4,8,11.5,8,1,10.2,8,24.9,8,1,26.1,8,20.3,8,1,19.8,8,7.4,8,1,4,8,-2.8,8,1,-1.8,8,-13.3,8,1,-13.1,8,-28,8,1,-20.4,8
2020,10,1,18.6,8,1,19.2,8,14.2,8,1,10,8,27.3,8,1,25.9,8,18.6,8,1,19.7,8,0.2,8,1,3.9,8,-4,8,1,-1.9,8,-17.8,8,1,-13,8,-27.8,8,1,-20.2,8
2020,10,2,19.5,8,1,19.1,8,14.1,8,1,9.8,8,26.7,8,1,25.7,8,19,8,1,19.5,8,7.2,8,1,3.7,8,0.1,8,1,-2.1,8,-12.7,8,1,-12.8,8,-18.6,8,1,-20,8
2020,10,3,20.2,8,1,18.9,8,13.7,8,1,9.5,8,25.8,8,1,25.5,8,20.3,8,1,19.3,8,7,8,1,3.5,8,0.6,8,1,-2.2,8,-7.2,8,1,-12.7,8,-17.6,8,1,-19.7,8
2020,10,4,18.1,8,1,18.6,8,10.6,8,1,9.3,8,25.9,8,1,25.4,8,22.6,8,1,19.1,8,4.1,8,1,3.3,8,-2.4,8,1,-2.4,8,-8.5,8,1,-12.5,8,-11.6,8,1,-19.5,8
2020,10,5,20.3,8,1,18.4,8,11.3,8,1,9,8,26.7,8,1,25.2,8,18.1,8,1,19,8,4.1,8,1,3.1,8,-1.8,8,1,-2.6,8,-10.9,8,1,-12.4,8,-13.2,8,1,-19.3,8
2020,10,6,19.8,8,1,18.2,8,11.7,8,1,8.7,8,24.9,8,1,25.1,8,16.6,8,1,18.8,8,2.9,8,1,2.9,8,-0.8,8,1,-2.8,8,-9.5,8,1,-12.3,8,-16.1,8,1,-19.1,8
2020,10,7,19.5,8,1,18,8,8,8,1,8.5,8,24.9,8,1,24.9,8,17.2,8,1,18.6,8,6.1,8,1,2.7,8,-0.4,8,1,-3,8,-13.2,8,1,-12.1,8,-23.3,8,1,-18.9,8
2020,10,8,16.9,8,1,17.8,8,6.7,8,1,8.2,8,19.6,8,1,24.7,8,16,8,1,18.4,8,5.3,8,1,2.6,8,-2,8,1,-3.2,8,-15.9,8,1,-12,8,-26.6,8,1,-18.7,8
2020,10,9,17.5,8,1,17.6,8,4.6,8,1,8,8,20,8,1,24.6,8,18.4,8,1,18.3,8,1.6,8,1,2.4,8,-1.9,8,1,-3.4,8,-22.2,8,1,-11.9,8,-30.1,8,1,-18.5,8
2020,10,10,17.4,8,1,17.4,8,7.7,8,1,7.7,8,27.7,8,1,24.4,8,18.5,8,1,18.1,8,3.9,8,1,2.2,8,0.2,8,1,-3.6,8,-19.5,8,1,-11.7,8,-29.4,8,1,-18.4,8
2020,10,11,19,8,1,17.1,8,12.6,8,1,7.4,8,25.2,8,1,24.2,8,20.6,8,1,17.9,8,8.7,8,1,1.9,8,2.4,8,1,-3.8,8,-17.1,8,1,-11.6,8,-23.6,8,1,-18.2,8
2020,10,12,19.3,8,1,16.9,8,14.5,8,1,7.2,8,27,8,1,24,8,19.5,8,1,17.7,8,6.6,8,1,1.7,8,2.3,8,1,-4.1,8,-10.8,8,1,-11.5,8,-20.5,8,1,-18,8
2020,10,13,19.4,8,1,16.7,8,7.2,8,1,6.9,8,26,8,1,23.9,8,19.9,8,1,17.4,8,6.6,8,1,1.5,8,-1.2,8,1,-4.3,8,-9,8,1,-11.3,8,-14,8,1,-17.8,8
2020,10,14,16.5,8,1,16.5,8,5.5,8,1,6.6,8,25.2,8,1,23.7,8,17.9,8,1,17.2,8,2.2,8,1,1.3,8,-3.9,8,1,-4.5,8,-9.3,8,1,-11.1,8,-15.8,8,1,-17.7,8
2020,10,15,13,8,1,16.3,8,5,8,1,6.3,8,22.7,8,1,23.5,8,17.5,8,1,17,8,-0.4,8,1,1.1,8,-5.8,8,1,-4.8,8,-11.5,8,1,-10.9,8,-17,8,1,-17.5,8
2020,10,16,15.6,8,1,16.1,8,2.1,8,1,6.1,8,23.2,8,1,23.3,8,17.5,8,1,16.8,8,-0.8,8,1,0.8,8,-5.3,8,1,-5,8,-10.9,8,1,-10.8,8,-16.8,8,1,-17.3,8
2020,10,17,16.9,8,1,15.9,8,4.8,8,1,5.9,8,18.5,8,1,23.1,8,12.7,8,1,16.5,8,-1,8,1,0.6,8,-5.6,8,1,-5.3,8,-10.8,8,1,-10.6,8,-18.2,8,1,-17.1,8
2020,10,18,17.5,8,1,15.7,8,3.8,8,1,5.7,8,19.3,8,1,22.9,8,11.3,8,1,16.3,8,-3.6,8,1,0.4,8,-10.7,8,1,-5.5,8,-14,8,1,-10.4,8,-22.4,8,1,-16.9,8
2020,10,19,18.9,8,1,15.5,8,4.6,8,1,5.5,8,17.9,8,1,22.7,8,14.6,8,1,16.1,8,-2.5,8,1,0.1,8,-11.1,8,1,-5.7,8,-12.2,8,1,-10.2,8,-22.6,8,1,-16.7,8
2020,10,20,17.4,8,1,15.3,8,3.5,8,1,5.3,8,23,8,1,22.5,8,13.2,8,1,15.9,8,-4,8,1,-0.1,8,-8.6,8,1,-6,8,-3.7,8,1,-10,8,-12.2,8,1,-16.5,8
2020,10,21,16.3,8,1,15.1,8,3.3,8,1,5.1,8,23.9,8,1,22.3,8,14.3,8,1,15.7,8,3.4,8,1,-0.4,8,-5.3,8,1,-6.2,8,-3.7,8,1,-9.7,8,-7.4,8,1,-16.2,8
2020,10,22,19.2,8,1,14.9,8,16,8,1,5,8,22,8,1,22.1,8,18.8,8,1,15.5,8,1.1,8,1,-0.6,8,-4.5,8,1,-6.5,8,-5.4,8,1,-9.5,8,-8.1,8,1,-16,8
2020,10,23,17.5,8,1,14.7,8,11.7,8,1,4.9,8,21.1,8,1,21.8,8,14.7,8,1,15.2,8,2.9,8,1,-0.9,8,-6.7,8,1,-6.7,8,-6.4,8,1,-9.3,8,-10.8,8,1,-15.8,8
2020,10,24,12.3,8,1,14.5,8,7.7,8,1,4.7,8,19.4,8,1,21.6,8,12.3,8,1,15,8,-4.2,8,1,-1.1,8,-10.6,8,1,-7,8,-8.2,8,1,-9.1,8,-10.8,8,1,-15.5,8
2020,10,25,13.5,8,1,14.3,8,7.1,8,1,4.6,8,19.5,8,1,21.4,8,10.9,8,1,14.8,8,-4.3,8,1,-1.4,8,-8.3,8,1,-7.2,8,-8.3,8,1,-8.8,8,-10.4,8,1,-15.3,8
2020,10,26,14.1,5,1,14.1,8,3.8,5,1,4.4,8,20.2,8,1,21.2,8,13.3,8,1,14.6,8,-4,8,1,-1.6,8,-7.6,8,1,-7.5,8,-8.8,8,1,-8.5,8,-13.1,8,1,-15,8
2020,10,27,14.4,8,1,13.9,8,3.7,8,1,4.2,8,20.6,8,1,21,8,13,8,1,14.4,8,-3.4,8,1,-1.9,8,-8.2,8,1,-7.8,8,-4.9,8,1,-8.3,8,-11.4,8,1,-14.8,8
2020,10,28,14.7,8,1,13.7,8,1.8,8,1,4,8,20.3,8,1,20.9,8,13.2,8,1,14.2,8,-5.7,8,1,-2.1,8,-8.9,8,1,-8,8,-3.7,8,1,-8,8,-8.6,8,1,-14.5,8
2020,10,29,14.6,8,1,13.6,8,6.2,8,1,3.8,8,21.3,8,1,20.7,8,15.2,8,1,14,8,-3,8,1,-2.4,8,-12.9,8,1,-8.2,8,-5.7,8,1,-7.7,8,-8,8,1,-14.2,8
2020,10,30,11.7,8,1,13.3,8,4.1,8,1,3.6,8,17.9,8,1,20.5,8,12.1,8,1,13.8,8,-7.1,8,1,-2.6,8,-13.9,8,1,-8.5,8,-7.2,8,1,-7.4,8,-9.6,8,1,-13.9,8
2020,10,31,13,8,1,13.1,8,3.2,8,1,3.4,8,18.5,8,1,20.3,8,10.7,8,1,13.6,8,-4.4,8,1,-2.8,8,-12.6,8,1,-8.7,8,-8.9,8,1,-7.1,8,-11.4,8,1,-13.7,8
2020,11,1,15.4,8,1,12.9,8,3,8,1,3.2,8,22.3,8,1,20.2,8,12.9,8,1,13.5,8,-1.5,8,1,-3,8,-8.2,8,1,-8.9,8,-8.2,8,1,-6.9,8,-11.8,8,1,-13.4,8
2020,11,2,15.8,8,1,12.7,8,5.3,8,1,3.1,8,18.5,8,1,20.1,8,14.8,8,1,13.3,8,-1.3,8,1,-3.2,8,-7.4,8,1,-9,8,-3.1,8,1,-6.6,8,-9.5,8,1,-13.2,8
2020,11,3,12.8,8,1,12.5,8,2,8,1,2.9,8,19.1,8,1,19.9,8,10.7,8,1,13.2,8,-1.4,8,1,-3.3,8,-11.8,8,1,-9.2,8,-5.7,8,1,-6.3,8,-12.7,8,1,-12.9,8
2020,11,4,6.9,8,1,12.3,8,2.4,8,1,2.7,8,16.8,8,1,19.8,8,8.8,8,1,13,8,-8,8,1,-3.5,8,-13.6,8,1,-9.3,8,-8.3,8,1,-6,8,-12.2,8,1,-12.7,8
2020,11,5,12.7,8,1,12,8,6,8,1,2.5,8,16.9,8,1,19.6,8,9.2,8,1,12.9,8,-2.7,8,1,-3.7,8,-11.7,8,1,-9.5,8,-9.1,8,1,-5.8,8,-13,8,1,-12.5,8
2020,11,6,15,8,1,11.7,8,4.8,8,1,2.3,8,20.3,8,1,19.5,8,12.9,8,1,12.8,8,-3.4,8,1,-3.8,8,-6.1,8,1,-9.6,8,-8.1,8,1,-5.5,8,-14.5,8,1,-12.2,8
2020,11,7,17.3,8,1,11.5,8,7.9,8,1,2.1,8,19.2,8,1,19.3,8,15.2,8,1,12.6,8,2.7,8,1,-4,8,-6.6,8,1,-9.8,8,-4.9,8,1,-5.2,8,-12.7,8,1,-12,8
2020,11,8,14,8,1,11.2,8,5,8,1,1.9,8,21.9,8,1,19.1,8,14.5,8,1,12.5,8,0.1,8,1,-4.2,8,-9.2,8,1,-10,8,-3.8,8,1,-5,8,-6.9,8,1,-11.8,8
2020,11,9,5.8,8,1,10.9,8,1.8,8,1,1.7,8,17.4,8,1,18.9,8,11.1,8,1,12.3,8,-9.3,8,1,-4.4,8,-14.3,8,1,-10.2,8,-5.4,8,1,-4.7,8,-8.3,8,1,-11.6,8
2020,11,10,6.4,8,1,10.6,8,-1.2,8,1,1.5,8,15.9,8,1,18.7,8,9.4,8,1,12.1,8,-11,8,1,-4.7,8,-14.8,8,1,-10.5,8,-3.1,8,1,-4.5,8,-6,8,1,-11.3,8
2020,11,11,6,8,1,10.3,8,-2.5,8,1,1.2,8,14.4,8,1,18.5,8,9.2,8,1,11.9,8,-4,8,1,-4.9,8,-12.5,8,1,-10.8,8,-2.6,8,1,-4.3,8,-7.5,8,1,-11.1,8
2020,11,12,9.3,8,1,10,8,-3.6,8,1,1,8,18.1,8,1,18.2,8,8.1,8,1,11.7,8,-4.3,8,1,-5.2,8,-10.5,8,1,-11,8,-2.4,8,1,-4,8,-7.3,8,1,-10.8,8
2020,11,13,13.2,8,1,9.7,8,0.2,8,1,0.7,8,17.1,8,1,18,8,13.3,8,1,11.5,8,-5.3,8,1,-5.5,8,-9.1,8,1,-11.3,8,-1.4,8,1,-3.8,8,-9,8,1,-10.6,8
2020,11,14,10.9,8,1,9.5,8,-0.7,8,1,0.5,8,19.9,8,1,17.7,8,12,8,1,11.3,8,-4.2,8,1,-5.8,8,-9.1,8,1,-11.6,8,0.6,8,1,-3.6,8,-9.8,8,1,-10.3,8
2020,11,15,11.8,8,1,9.2,8,-2.7,8,1,0.2,8,19.7,8,1,17.5,8,10.2,8,1,11,8,-2.2,8,1,-6,8,-8.3,8,1,-11.9,8,1.6,8,1,-3.4,8,-3,8,1,-10.1,8
2020,11,16,13.9,8,1,9,8,3.9,8,1,0,8,20.8,8,1,17.3,8,14.3,8,1,10.8,8,-4.8,8,1,-6.3,8,-8.5,8,1,-12.2,8,0.2,8,1,-3.2,8,-4.1,8,1,-9.8,8
2020,11,17,10,8,1,8.7,8,-0.4,8,1,-0.2,8,21.2,8,1,17,8,14.2,8,1,10.5,8,1.3,8,1,-6.5,8,-6.3,8,1,-12.5,8,2.4,8,1,-3,8,-5.7,8,1,-9.5,8
2020,11,18,15.7,8,1,8.5,8,2.9,8,1,-0.5,8,23.1,8,1,16.8,8,15.2,8,1,10.3,8,-2.3,8,1,-6.8,8,-8.5,8,1,-12.7,8,3.2,8,1,-2.9,8,-7.5,8,1,-9.3,8
2020,11,19,13.9,8,1,8.2,8,6.4,8,1,-0.7,8,24.5,8,1,16.6,8,16.1,8,1,10.1,8,4.6,8,1,-7,8,-4.3,8,1,-12.9,8,0.1,8,1,-2.7,8,-5.8,8,1,-9,8
2020,11,20,17.1,8,1,8,8,6.6,8,1,-0.9,8,24.1,8,1,16.4,8,16.2,8,1,9.9,8,-0.1,8,1,-7.1,8,-9.3,8,1,-13.1,8,-2.3,8,1,-2.5,8,-7.2,8,1,-8.8,8
2020,11,21,6.6,8,1,7.8,8,0.5,8,1,-1.1,8,16.5,8,1,16.3,8,11.6,8,1,9.7,8,-2.7,8,1,-7.3,8,-11.8,8,1,-13.3,8,-0.7,8,1,-2.4,8,-8.9,8,1,-8.5,8
2020,11,22,9.2,8,1,7.5,8,0.4,8,1,-1.2,8,17.5,8,1,16.1,8,9.9,8,1,9.5,8,-4.4,8,1,-7.4,8,-9.6,8,1,-13.4,8,-0.7,8,1,-2.2,8,-8,8,1,-8.3,8
2020,11,23,4.6,8,1,7.3,8,0.3,8,1,-1.4,8,18.1,8,1,16,8,11.1,8,1,9.4,8,-4.4,8,1,-7.6,8,-9.8,8,1,-13.6,8,-1.7,8,1,-2,8,-3.5,8,1,-8.1,8
2020,11,24,5.9,8,1,7.1,8,-0.6,8,1,-1.6,8,15.9,8,1,15.8,8,9.3,8,1,9.2,8,-4.7,8,1,-7.7,8,-8.3,8,1,-13.7,8,-0.9,8,1,-1.9,8,-4.7,8,1,-7.9,8
2020,11,25,7.5,8,1,6.8,8,-3,8,1,-1.8,8,14.8,8,1,15.7,8,10.4,8,1,9.1,8,-5.2,8,1,-7.9,8,-8.6,8,1,-13.8,8,0.2,8,1,-1.7,8,-6.7,8,1,-7.6,8
2020,11,26,7.2,8,1,6.6,8,-0.7,8,1,-2,8,17.5,8,1,15.5,8,8.9,8,1,8.9,8,-1.4,8,1,-8,8,-9.3,8,1,-14,8,-3.7,8,1,-1.5,8,-9.3,8,1,-7.4,8
2020,11,27,3.9,8,1,6.4,8,-0.2,8,1,-2.1,8,17.6,8,1,15.4,8,12.5,8,1,8.8,8,-7.1,8,1,-8.2,8,-10.5,8,1,-14.1,8,-2.9,8,1,-1.3,8,-7.3,8,1,-7.2,8
2020,11,28,6.2,8,1,6.1,8,-1.1,8,1,-2.3,8,14.6,8,1,15.2,8,9.1,8,1,8.6,8,-9.3,8,1,-8.4,8,-17.3,8,1,-14.3,8,-2.2,8,1,-1.2,8,-4.7,8,1,-7,8
2020,11,29,5.5,8,1,5.9,8,-0.1,8,1,-2.5,8,14.3,8,1,15.1,8,7.3,8,1,8.5,8,-8.9,8,1,-8.6,8,-16.2,8,1,-14.5,8,-0.6,8,1,-1,8,-4.1,8,1,-6.8,8
2020,11,30,5.1,8,1,5.6,8,-2.8,8,1,-2.7,8,15.3,8,1,14.9,8,7.7,8,1,8.3,8,-7,8,1,-8.8,8,-12.6,8,1,-14.7,8,-0.9,8,1,-0.8,8,-6.3,8,1,-6.6,8
2020,12,1,2.8,8,1,5.4,8,-3,8,1,-2.9,8,15,8,1,14.7,8,8.1,8,1,8.1,8,-7.9,8,1,-9,8,-10.3,8,1,-15,8,0.2,8,1,-0.6,8,-7.3,8,1,-6.5,8
2020,12,2,3,8,1,5.1,8,-1.7,8,1,-3.1,8,15.3,8,1,14.5,8,7.8,8,1,7.9,8,-6.8,8,1,-9.3,8,-14.4,8,1,-15.3,8,-3.6,8,1,-0.4,8,-10.3,8,1,-6.3,8
2020,12,3,4.9,8,1,4.9,8,-1.8,8,1,-3.3,8,15.6,8,1,14.2,8,8.4,8,1,7.7,8,-5.9,8,1,-9.6,8,-11.9,8,1,-15.5,8,-2.5,8,1,-0.3,8,-10.1,8,1,-6.1,8
2020,12,4,2.3,8,1,4.6,8,-2.6,8,1,-3.5,8,14.7,8,1,14,8,8.7,8,1,7.5,8,-7.6,8,1,-9.8,8,-12.3,8,1,-15.8,8,-0.8,8,1,-0.1,8,-6.4,8,1,-6,8
2020,12,5,8.3,8,1,4.4,8,-2.2,8,1,-3.7,8,15.5,8,1,13.8,8,7,8,1,7.3,8,-6.9,8,1,-10.1,8,-14.9,8,1,-16.1,8,-2.9,8,1,0,8,-9.3,8,1,-5.8,8
2020,12,6,8.4,8,1,4.1,8,-3.5,8,1,-4,8,14.1,8,1,13.6,8,7.1,8,1,7,8,-7.4,8,1,-10.3,8,-11.4,8,1,-16.4,8,-1.3,8,1,0.2,8,-7.9,8,1,-5.7,8
2020,12,7,6.8,8,1,3.9,8,-3.5,8,1,-4.2,8,15.7,8,1,13.3,8,7.1,8,1,6.8,8,-6.7,8,1,-10.6,8,-10.6,8,1,-16.7,8,-3.2,8,1,0.3,8,-12.5,8,1,-5.6,8
2020,12,8,4.1,8,1,3.7,8,-3.9,8,1,-4.4,8,15.7,8,1,13.1,8,9.8,8,1,6.6,8,-7.8,8,1,-10.8,8,-13.2,8,1,-17,8,-0.6,8,1,0.4,8,-8.4,8,1,-5.4,8
2020,12,9,3.6,8,1,3.5,8,-3.1,8,1,-4.6,8,13.3,8,1,12.9,8,8.4,8,1,6.5,8,-9.4,8,1,-11.1,8,-13.2,8,1,-17.2,8,-0.4,8,1,0.6,8,-8.7,8,1,-5.3,8
2020,12,10,6.7,8,1,3.3,8,-4.8,8,1,-4.8,8,15.2,8,1,12.7,8,6.7,8,1,6.3,8,-7.2,8,1,-11.3,8,-12.6,8,1,-17.5,8,-2.6,8,1,0.7,8,-11.1,8,1,-5.1,8
2020,12,11,7.7,8,1,3.2,8,-4.9,8,1,-5,8,17,8,1,12.5,8,9.1,8,1,6.1,8,-7.5,8,1,-11.6,8,-15.2,8,1,-17.7,8,-0.2,8,1,0.8,8,-4,8,1,-5,8
2020,12,12,4.9,8,1,3,8,-3.8,8,1,-5.2,8,15.6,8,1,12.3,8,10.6,8,1,6,8,-9.7,8,1,-11.8,8,-15.6,8,1,-17.9,8,0,8,1,0.9,8,-2.5,8,1,-4.9,8
2020,12,13,1.4,8,1,2.9,8,-7,8,1,-5.3,8,12.2,8,1,12.1,8,7.9,8,1,5.8,8,-13.4,8,1,-12,8,-17,8,1,-18.1,8,-0.7,8,1,1.1,8,-4.7,8,1,-4.7,8
2020,12,14,-0.6,8,1,2.8,8,-7,8,1,-5.5,8,11.8,8,1,12,8,5.3,8,1,5.7,8,-13.5,8,1,-12.2,8,-18.7,8,1,-18.3,8,-0.8,8,1,1.2,8,-4.9,8,1,-4.6,8
2020,12,15,-2,8,1,2.7,8,-7.8,8,1,-5.6,8,9.1,8,1,11.9,8,2.2,8,1,5.6,8,-18.2,8,1,-12.4,8,-25.2,8,1,-18.4,8,-0.1,8,1,1.3,8,-6.4,8,1,-4.4,8
2020,12,16,-0.2,8,1,2.6,8,-9.7,8,1,-5.8,8,7.9,8,1,11.8,8,1.6,8,1,5.5,8,-24,8,1,-12.5,8,-27.2,8,1,-18.6,8,-0.9,8,1,1.4,8,-8.5,8,1,-4.3,8
2020,12,17,-1.3,8,1,2.5,8,-6.6,8,1,-5.9,8,8.5,8,1,11.7,8,1,8,1,5.4,8,-20.8,8,1,-12.7,8,-27.8,8,1,-18.7,8,-2.1,8,1,1.5,8,-8.3,8,1,-4.2,8
2020,12,18,1.2,8,1,2.4,8,-6.6,8,1,-6,8,9.9,8,1,11.6,8,3.7,8,1,5.3,8,-16.7,8,1,-12.8,8,-21.3,8,1,-18.8,8,-0.8,8,1,1.6,8,-9.1,8,1,-4.1,8
2020,12,19,-3,8,1,2.4,8,-10.1,8,1,-6.1,8,9.8,8,1,11.5,8,3.4,8,1,5.2,8,-17.7,8,1,-12.9,8,-23.4,8,1,-18.9,8,0.2,8,1,1.7,8,-8.2,8,1,-4,8
2020,12,20,-3,8,1,2.3,8,-14.4,8,1,-6.1,8,9.3,8,1,11.4,8,2.9,8,1,5.2,8,-21.6,8,1,-13,8,-24.7,8,1,-19,8,-2,8,1,1.7,8,-7.4,8,1,-3.9,8
2020,12,21,-0.6,8,1,2.2,8,-11.7,8,1,-6.2,8,10.4,8,1,11.3,8,2.9,8,1,5.1,8,-17.3,8,1,-13.1,8,-22.3,8,1,-19.1,8,-0.6,8,1,1.8,8,-7.4,8,1,-3.8,8
2020,12,22,5.1,8,1,2.1,8,-5,8,1,-6.3,8,11.6,8,1,11.2,8,4.4,8,1,5,8,-16.6,8,1,-13.2,8,-19.1,8,1,-19.3,8,1,8,1,1.8,8,-3.9,8,1,-3.8,8
2020,12,23,7.2,8,1,2,8,-4.7,8,1,-6.4,8,13,8,1,11.1,8,5.1,8,1,4.9,8,-10.8,8,1,-13.3,8,-20.4,8,1,-19.4,8,1.4,8,1,1.8,8,-5.3,8,1,-3.8,8
2020,12,24,9,8,1,1.9,8,-3,8,1,-6.4,8,9.5,8,1,11,8,6.2,8,1,4.8,8,-9.6,8,1,-13.4,8,-15.1,8,1,-19.5,8,2.6,8,1,1.8,8,-5.9,8,1,-3.7,8
2020,12,25,3,8,1,1.9,8,-4.5,8,1,-6.5,8,11.8,8,1,10.9,8,4.2,8,1,4.6,8,-13.1,8,1,-13.6,8,-22.6,8,1,-19.7,8,1.6,8,1,1.8,8,-5,8,1,-3.7,8
2020,12,26,-1.6,8,1,1.8,8,-7.2,8,1,-6.5,8,11.4,8,1,10.8,8,3.7,8,1,4.5,8,-14.7,8,1,-13.7,8,-20.2,8,1,-19.8,8,2.1,8,1,1.8,8,-1.7,8,1,-3.7,8
2020,12,27,-0.9,8,1,1.7,8,-8.6,8,1,-6.6,8,11.1,8,1,10.7,8,4.4,8,1,4.4,8,-11.5,8,1,-13.9,8,-15.1,8,1,-20,8,2.6,8,1,1.8,8,-3.1,8,1,-3.6,8
2020,12,28,1.1,8,1,1.6,8,-6.6,8,1,-6.6,8,12.4,8,1,10.6,8,7.1,8,1,4.3,8,-10.1,8,1,-14,8,-15.5,8,1,-20.2,8,1.9,8,1,1.8,8,-5.2,8,1,-3.6,8
2020,12,29,0.1,8,1,1.5,8,-6.6,8,1,-6.7,8,12.6,8,1,10.5,8,5.8,8,1,4.2,8,-10.8,8,1,-14.1,8,-15.3,8,1,-20.3,8,-1.7,5,1,1.8,8,-8.3,5,1,-3.6,8
2020,12,30,-3.8,8,1,1.5,8,-11.4,8,1,-6.8,8,11.5,8,1,10.4,8,1.4,8,1,4.1,8,-4.7,8,1,-14.3,8,-26.8,8,1,-20.5,8,-2.1,8,1,1.8,8,-8.2,8,1,-3.5,8
2020,12,31,-4.2,8,1,1.4,8,-12.2,8,1,-6.8,8,6.6,8,1,10.3,8,1.1,8,1,4,8,-26,8,1,-14.4,8,-30.1,8,1,-20.6,8,-1.9,8,1,1.9,8,-4.4,8,1,-3.5,8
2021,1,1,-6.5,8,1,1.3,8,-12.6,8,1,-6.9,8,6.6,8,1,10.2,8,1.1,8,1,3.9,8,-17.3,8,1,-14.5,8,-27.4,8,1,-20.7,8,-2.7,8,1,1.9,8,-6.3,8,1,-3.5,8
2021,1,2,-4.6,8,1,1.3,8,-15.2,8,1,-7,8,9.1,8,1,10.2,8,1.9,8,1,3.8,8,-17.5,8,1,-14.6,8,-21.4,8,1,-20.8,8,-0.1,8,1,1.9,8,-10,8,1,-3.4,8
2021,1,3,-1.5,8,1,1.2,8,-14.1,8,1,-7.1,8,8.9,8,1,10.1,8,2.9,8,1,3.7,8,-17.2,8,1,-14.6,8,-20.7,8,1,-20.8,8,-0.4,8,1,2,8,-8.4,8,1,-3.4,8
2021,1,4,-2,8,1,1.1,8,-11,8,1,-7.2,8,10.1,8,1,10,8,3.7,8,1,3.7,8,-17.1,8,1,-14.7,8,-20,8,1,-20.9,8,-2.3,8,1,2,8,-11.2,8,1,-3.4,8
2021,1,5,-2.1,8,1,1,8,-12.5,8,1,-7.3,8,9.1,8,1,9.9,8,4.2,8,1,3.6,8,-12.8,8,1,-14.7,8,-19.1,8,1,-20.9,8,-1.4,8,1,2,8,-7.5,8,1,-3.4,8
2021,1,6,-2,8,1,1,8,-14.4,8,1,-7.4,8,8.7,8,1,9.9,8,3.6,8,1,3.6,8,-14,8,1,-14.8,8,-17.7,8,1,-20.9,8,-0.8,8,1,2.1,8,-2.7,8,1,-3.4,8
2021,1,7,-2.7,8,1,0.9,8,-8.6,8,1,-7.6,8,7.2,8,1,9.8,8,-2,8,1,3.6,8,-15.2,8,1,-14.8,8,-25,8,1,-21,8,1.8,8,1,2.1,8,-6.9,8,1,-3.5,8
2021,1,8,-3.2,8,1,0.8,8,-9.4,8,1,-7.7,8,1.9,8,1,9.8,8,-2.4,8,1,3.5,8,-23.4,8,1,-14.9,8,-28.7,8,1,-21,8,0.3,8,1,2.1,8,-7.7,8,1,-3.5,8
2021,1,9,-2,8,1,0.7,8,-12.1,8,1,-7.9,8,3.5,8,1,9.7,8,-2.4,8,1,3.5,8,-26.5,8,1,-14.9,8,-30.7,8,1,-21,8,1.1,8,1,2,8,-6.5,8,1,-3.5,8
2021,1,10,-3,8,1,0.6,8,-15.1,8,1,-8,8,6.2,8,1,9.6,8,-1.7,8,1,3.5,8,-19.7,8,1,-15,8,-30.1,8,1,-21,8,-0.5,8,1,2,8,-5.8,8,1,-3.5,8
2021,1,11,-2,8,1,0.5,8,-13.2,8,1,-8.1,8,6.5,8,1,9.6,8,-0.5,8,1,3.4,8,-15.5,8,1,-15,8,-26.6,8,1,-21,8,2.2,8,1,2,8,-5.7,8,1,-3.5,8
2021,1,12,3.5,8,1,0.4,8,-10.8,8,1,-8.2,8,5.8,8,1,9.5,8,1.4,8,1,3.4,8,-14.8,8,1,-15,8,-21.9,8,1,-21,8,1.2,8,1,2,8,-5.8,8,1,-3.5,8
2021,1,13,4.6,8,1,0.4,8,-1.7,8,1,-8.3,8,9.6,8,1,9.5,8,1.4,8,1,3.3,8,-11.8,8,1,-15.1,8,-21.3,8,1,-21.1,8,-0.9,8,1,2,8,-6.8,8,1,-3.5,8
2021,1,14,2.5,8,1,0.3,8,-5.7,8,1,-8.4,8,13.9,8,1,9.4,8,3.3,8,1,3.3,8,-11.8,8,1,-15.1,8,-15,8,1,-21.1,8,-0.2,8,1,2,8,-6.8,8,1,-3.5,8
2021,1,15,1.7,8,1,0.3,8,-7.6,8,1,-8.4,8,13.7,8,1,9.4,8,5,8,1,3.3,8,-12.5,8,1,-15.1,8,-14.6,8,1,-21.1,8,1,8,1,2,8,-6.5,8,1,-3.6,8
2021,1,16,6.9,8,1,0.2,8,-3.6,8,1,-8.4,8,14.6,8,1,9.3,8,6.9,8,1,3.2,8,-11.6,8,1,-15.1,8,-16.4,8,1,-21.2,8,3.6,8,1,2,8,-7.1,8,1,-3.6,8
2021,1,17,-1.7,8,1,0.2,8,-9.2,8,1,-8.5,8,9.5,8,1,9.3,8,2.6,8,1,3.1,8,-12,8,1,-15.2,8,-20,8,1,-21.3,8,2.6,8,1,1.9,8,-6.3,8,1,-3.7,8
2021,1,18,-1.2,8,1,0.2,8,-11.6,8,1,-8.5,8,7.8,8,1,9.2,8,0.9,8,1,3.1,8,-16,8,1,-15.2,8,-24.9,8,1,-21.3,8,-1.1,8,1,1.9,8,-8.5,8,1,-3.7,8
2021,1,19,-3.7,8,1,0.2,8,-13.9,8,1,-8.5,8,7.1,8,1,9.2,8,2,8,1,3,8,-16.6,8,1,-15.2,8,-24.9,8,1,-21.4,8,0.2,8,1,1.8,8,-4.4,8,1,-3.8,8
2021,1,20,-3,8,1,0.2,8,-14,8,1,-8.5,8,7.5,8,1,9.1,8,0.3,8,1,3,8,-11.8,8,1,-15.3,8,-17,8,1,-21.5,8,0,8,1,1.8,8,-2.5,8,1,-3.8,8
2021,1,21,4.6,8,1,0.2,8,-7.4,8,1,-8.5,8,11.2,8,1,9.1,8,1.6,8,1,2.9,8,-8.3,8,1,-15.4,8,-13.8,8,1,-21.7,8,0.1,8,1,1.7,8,-2.1,8,1,-3.9,8
2021,1,22,4.5,8,1,0.2,8,-4.8,8,1,-8.5,8,10.6,8,1,9,8,7.9,8,1,2.8,8,-7.8,8,1,-15.4,8,-14.1,8,1,-21.8,8,3.7,8,1,1.6,8,-3,8,1,-4,8
2021,1,23,-1.1,8,1,0.2,8,-7,8,1,-8.5,8,10.2,8,1,9,8,8,8,1,2.8,8,-7,8,1,-15.5,8,-9.5,8,1,-21.9,8,1.8,8,1,1.5,8,-4.7,8,1,-4,8
2021,1,24,1,8,1,0.2,8,-10.9,8,1,-8.5,8,9.9,8,1,9,8,8,8,1,2.7,8,-6.6,8,1,-15.6,8,-12.2,8,1,-22,8,4,8,1,1.5,8,-1.9,8,1,-4.1,8
2021,1,25,5.4,8,1,0.1,8,-8.2,8,1,-8.5,8,12.9,8,1,9,8,7.6,8,1,2.7,8,-12.2,8,1,-15.7,8,-17.4,8,1,-22.1,8,6.8,8,1,1.4,8,-1,8,1,-4.1,8
2021,1,26,1.8,8,1,0.1,8,-4.8,8,1,-8.5,8,17.6,8,1,8.9,8,7.9,8,1,2.7,8,-10,8,1,-15.7,8,-15.6,8,1,-22.2,8,5.6,8,1,1.3,8,-0.5,8,1,-4.2,8
2021,1,27,8,8,1,0.1,8,-2.2,8,1,-8.5,8,14,8,1,8.9,8,8.2,8,1,2.7,8,-6.8,8,1,-15.8,8,-15.2,8,1,-22.2,8,3.5,8,1,1.3,8,-1.1,8,1,-4.2,8
2021,1,28,-0.9,8,1,0.1,8,-4.6,8,1,-8.5,8,11.3,8,1,8.9,8,5.3,8,1,2.6,8,-9.4,8,1,-15.8,8,-17.8,8,1,-22.3,8,3,8,1,1.2,8,-3,8,1,-4.2,8
2021,1,29,0.9,8,1,0.1,8,-4.2,8,1,-8.5,8,10.3,8,1,8.9,8,0.8,8,1,2.6,8,-17.7,8,1,-15.8,8,-26.9,8,1,-22.3,8,-0.3,8,1,1.1,8,-4,8,1,-4.3,8
2021,1,30,0.8,8,1,0.1,8,-6.5,8,1,-8.6,8,8.5,8,1,9,8,-0.3,8,1,2.6,8,-20.9,8,1,-15.8,8,-25,8,1,-22.3,8,5.3,8,1,1,8,-3.3,8,1,-4.3,8
2021,1,31,-1.4,8,1,0.1,8,-11.4,8,1,-8.6,8,10.8,8,1,9,8,4.9,8,1,2.6,8,-15,8,1,-15.8,8,-20.9,8,1,-22.3,8,2.5,8,1,1,8,-6,8,1,-4.4,8
2021,2,1,3.9,8,1,0.1,8,-12.7,8,1,-8.6,8,14.6,8,1,9,8,4.6,8,1,2.6,8,-9.3,8,1,-15.7,8,-17.8,8,1,-22.2,8,-1.6,8,1,0.9,8,-10.4,8,1,-4.4,8
2021,2,2,5,8,1,0.1,8,-8.8,8,1,-8.7,8,14.2,8,1,9,8,3.7,8,1,2.7,8,-7.6,8,1,-15.7,8,-20.9,8,1,-22.2,8,-0.5,8,1,0.8,8,-9.3,8,1,-4.5,8
2021,2,3,-6,8,1,0.1,8,-12.5,8,1,-8.7,8,7.9,8,1,9.1,8,3,8,1,2.7,8,-17.8,8,1,-15.6,8,-22.8,8,1,-22.1,8,-1.9,8,1,0.7,8,-9.6,8,1,-4.6,8
2021,2,4,-2.9,8,1,0.1,8,-15,8,1,-8.7,8,10.8,8,1,9.1,8,2.2,8,1,2.7,8,-19.3,8,1,-15.5,8,-24.2,8,1,-22.1,8,-3.3,8,1,0.5,8,-7.5,8,1,-4.7,8
2021,2,5,-2,8,1,0.2,8,-10.4,8,1,-8.7,8,11.2,8,1,9.2,8,3.8,8,1,2.8,8,-13.9,8,1,-15.4,8,-22.7,8,1,-22,8,-0.5,8,1,0.4,8,-8.1,8,1,-4.9,8
2021,2,6,5.9,8,1,0.2,8,-5.1,8,1,-8.7,8,15.2,8,1,9.3,8,7,8,1,2.8,8,-12.5,8,1,-15.3,8,-16.9,8,1,-21.9,8,0.9,8,1,0.3,8,-4.3,8,1,-5,8
2021,2,7,2.9,8,1,0.3,8,-7.1,8,1,-8.6,8,14.9,8,1,9.3,8,5.7,8,1,2.8,8,-13.1,8,1,-15.2,8,-19.2,8,1,-21.8,8,1.2,8,1,0.2,8,-3.6,8,1,-5.1,8
2021,2,8,-2.7,8,1,0.4,8,-10.5,8,1,-8.5,8,10.5,8,1,9.4,8,3.3,8,1,2.9,8,-18.8,8,1,-15.1,8,-26.4,8,1,-21.8,8,-0.7,8,1,0,8,-2.7,8,1,-5.2,8
2021,2,9,-1.1,8,1,0.4,8,-8.7,8,1,-8.5,8,7.5,8,1,9.5,8,1.2,8,1,3,8,-19.1,8,1,-15,8,-26.8,8,1,-21.7,8,2.8,8,1,-0.1,8,-3.3,8,1,-5.3,8
2021,2,10,1.7,8,1,0.5,8,-6.4,8,1,-8.4,8,10.3,8,1,9.6,8,3.4,8,1,3,8,-14.6,8,1,-14.9,8,-21.4,8,1,-21.6,8,2.3,8,1,-0.2,8,-2.5,8,1,-5.4,8
2021,2,11,1.5,8,1,0.6,8,-5.9,8,1,-8.3,8,13.9,8,1,9.7,8,4.9,8,1,3.1,8,-10.7,8,1,-14.7,8,-22.2,8,1,-21.5,8,0.4,8,1,-0.3,8,-4.1,8,1,-5.4,8
2021,2,12,4.1,8,1,0.7,8,-5.9,8,1,-8.1,8,13.4,8,1,9.8,8,7,8,1,3.1,8,-9,8,1,-14.6,8,-11.2,8,1,-21.4,8,-1.3,8,1,-0.4,8,-3.8,8,1,-5.5,8
2021,2,13,3,8,1,0.8,8,-5,8,1,-8,8,18,8,1,9.9,8,8.9,8,1,3.2,8,-7.9,8,1,-14.5,8,-11.5,8,1,-21.3,8,-3.1,8,1,-0.5,8,-8,8,1,-5.5,8
2021,2,14,2.9,8,1,0.9,8,-1,8,1,-7.9,8,18.8,8,1,9.9,8,9.8,8,1,3.3,8,-6.7,8,1,-14.3,8,-10.7,8,1,-21.2,8,-4.6,8,1,-0.5,8,-11.2,8,1,-5.6,8
2021,2,15,6.7,8,1,1,8,1.1,8,1,-7.8,8,17.8,8,1,10,8,9.9,8,1,3.3,8,-1.7,8,1,-14.2,8,-16.8,8,1,-21.1,8,-3.9,8,1,-0.6,8,-8,8,1,-5.6,8
2021,2,16,4.9,8,1,1.1,8,-4.8,8,1,-7.7,8,10.5,8,1,10.1,8,5.8,8,1,3.4,8,-16.9,8,1,-14.1,8,-23.8,8,1,-21,8,-1.6,8,1,-0.7,8,-7.1,8,1,-5.7,8
2021,2,17,-1,8,1,1.2,8,-6,8,1,-7.6,8,8.7,8,1,10.2,8,-0.4,8,1,3.5,8,-22.3,8,1,-14,8,-31.2,8,1,-20.9,8,-1,8,1,-0.8,8,-4.6,8,1,-5.7,8
2021,2,18,3.2,8,1,1.3,8,-3.7,8,1,-7.5,8,6.3,8,1,10.3,8,-1.2,8,1,3.5,8,-23.1,8,1,-13.9,8,-31.7,8,1,-20.8,8,-1,8,1,-0.9,8,-5.6,8,1,-5.8,8
2021,2,19,4,8,1,1.3,8,-4.3,8,1,-7.4,8,8,8,1,10.4,8,0.9,8,1,3.6,8,-14.3,8,1,-13.8,8,-28.3,8,1,-20.7,8,-0.5,8,1,-1,8,-4,8,1,-5.9,8
2021,2,20,7.9,8,1,1.4,8,-1.3,8,1,-7.3,8,13.9,8,1,10.5,8,3.6,8,1,3.7,8,-12,8,1,-13.7,8,-16.6,8,1,-20.6,8,-2.3,8,1,-1.2,8,-5.4,8,1,-6,8
2021,2,21,1.5,8,1,1.5,8,-4.1,8,1,-7.2,8,19.8,8,1,10.6,8,7.9,8,1,3.8,8,-6.7,8,1,-13.6,8,-14.3,8,1,-20.4,8,-1.8,8,1,-1.3,8,-6.7,8,1,-6.1,8
2021,2,22,0.8,8,1,1.6,8,-6.4,8,1,-7.1,8,20.1,8,1,10.7,8,8.9,8,1,3.9,8,-7.4,8,1,-13.4,8,-12,8,1,-20.3,8,-5.5,8,1,-1.4,8,-9,8,1,-6.2,8
2021,2,23,1.4,8,1,1.7,8,-4.6,8,1,-7,8,16,8,1,10.9,8,5.9,8,1,4,8,-11.8,8,1,-13.3,8,-16.3,8,1,-20.2,8,-6.5,8,1,-1.6,8,-8.3,8,1,-6.4,8
2021,2,24,-0.7,8,1,1.8,8,-8.7,8,1,-6.9,8,11,8,1,11,8,3.1,8,1,4.2,8,-15.6,8,1,-13.1,8,-21.1,8,1,-20,8,-5,8,1,-1.8,8,-9.5,8,1,-6.5,8
2021,2,25,-0.1,8,1,1.9,8,-9.4,8,1,-6.8,8,11.5,8,1,11.1,8,2.3,8,1,4.3,8,-15.2,8,1,-13,8,-21.4,8,1,-19.9,8,-5,8,1,-1.9,8,-8.7,8,1,-6.7,8
2021,2,26,0.6,8,1,2,8,-7.5,8,1,-6.6,8,10.1,8,1,11.3,8,6.2,8,1,4.4,8,-12.2,8,1,-12.8,8,-19.2,8,1,-19.7,8,-2.6,8,1,-2.1,8,-11.2,8,1,-6.8,8
2021,2,27,-0.9,8,1,2,8,-9,8,1,-6.5,8,10.2,8,1,11.4,8,4.9,8,1,4.6,8,-10,8,1,-12.7,8,-18.6,8,1,-19.6,8,-1.5,8,1,-2.2,8,-11.3,8,1,-7,8
2021,2,28,5.7,8,1,2.1,8,-9.4,8,1,-6.3,8,15,8,1,11.5,8,4.8,8,1,4.7,8,-7.3,8,1,-12.6,8,-10.8,8,1,-19.5,8,-0.3,8,1,-2.4,8,-16.1,8,1,-7.2,8
2021,3,1,6.7,8,1,2.2,8,-1.9,8,1,-6.2,8,19.2,8,1,11.6,8,10.4,8,1,4.8,8,-2.8,8,1,-12.4,8,-9.9,8,1,-19.3,8,-3.7,8,1,-2.6,8,-16.7,8,1,-7.3,8
2021,3,2,-0.9,8,1,2.3,8,-3.7,8,1,-6.1,8,17.1,8,1,11.8,8,4.3,8,1,4.9,8,-1.4,8,1,-12.3,8,-15.1,8,1,-19.2,8,-3.6,8,1,-2.7,8,-16.8,8,1,-7.5,8
2021,3,3,-1.2,8,1,2.4,8,-10.2,8,1,-5.9,8,10.9,8,1,11.9,8,4,8,1,5,8,-11.8,8,1,-12.3,8,-18.9,8,1,-19.2,8,-3.9,8,1,-2.9,8,-17.8,8,1,-7.7,8
2021,3,4,2.3,8,1,2.5,8,-10.8,8,1,-5.8,8,16,8,1,12,8,4.9,8,1,5.1,8,-7.4,8,1,-12.2,8,-13.8,8,1,-19.1,8,0.7,8,1,-3,8,-9.5,8,1,-7.8,8
2021,3,5,6.6,8,1,2.6,8,1.2,8,1,-5.6,8,14.8,8,1,12.1,8,10.8,8,1,5.1,8,-5.9,8,1,-12.2,8,-12.9,8,1,-19,8,-1.1,8,1,-3.1,8,-8.2,8,1,-8,8
2021,3,6,4.6,8,1,2.7,8,-8.6,8,1,-5.4,8,16.8,8,1,12.2,8,6.3,8,1,5.2,8,-5.5,8,1,-12.1,8,-11.6,8,1,-19,8,-2.6,8,1,-3.3,8,-9.2,8,1,-8.2,8
2021,3,7,1.1,8,1,2.8,8,-8.6,8,1,-5.3,8,11.9,8,1,12.3,8,5.2,8,1,5.3,8,-11,8,1,-12.1,8,-13.9,8,1,-18.9,8,1.1,8,1,-3.4,8,-9.7,8,1,-8.3,8
2021,3,8,4.2,8,1,3,8,-7,8,1,-5.1,8,13.3,8,1,12.4,8,5.8,8,1,5.3,8,-9.3,8,1,-12,8,-16.8,8,1,-18.9,8,-2,8,1,-3.5,8,-8.2,8,1,-8.5,8
2021,3,9,3,8,1,3.1,8,-8,8,1,-4.9,8,12.2,8,1,12.5,8,4.3,8,1,5.4,8,-11.3,8,1,-12,8,-17.3,8,1,-18.8,8,-5.8,8,1,-3.7,8,-10.1,8,1,-8.7,8
2021,3,10,6.1,8,1,3.3,8,-1.7,8,1,-4.7,8,16.8,8,1,12.6,8,6.6,8,1,5.5,8,-12.6,8,1,-11.9,8,-14.9,8,1,-18.7,8,-4,8,1,-3.8,8,-8.2,8,1,-8.9,8
2021,3,11,7.9,8,1,3.5,8,-5.1,8,1,-4.5,8,12.9,8,1,12.7,8,4.3,8,1,5.6,8,-9.8,8,1,-11.8,8,-13.9,8,1,-18.6,8,-4.9,8,1,-4,8,-10.6,8,1,-9.1,8
2021,3,12,7.8,8,1,3.7,8,-0.5,8,1,-4.3,8,16.5,8,1,12.9,8,9.3,8,1,5.6,8,-8.9,8,1,-11.6,8,-13.3,8,1,-18.5,8,-3,8,1,-4.1,8,-8.8,8,1,-9.3,8
2021,3,13,4.5,8,1,3.9,8,-3.9,8,1,-4.1,8,15.7,8,1,13,8,8.6,8,1,5.8,8,-6.7,8,1,-11.5,8,-13.2,8,1,-18.3,8,-6.8,8,1,-4.3,8,-13.6,8,1,-9.6,8
2021,3,14,12.2,8,1,4.1,8,2.2,8,1,-3.9,8,15.8,8,1,13.2,8,6.6,8,1,5.9,8,-13.3,8,1,-11.3,8,-16.7,8,1,-18.2,8,-7.7,8,1,-4.5,8,-14.8,8,1,-9.8,8
2021,3,15,15.5,8,1,4.3,8,2.7,8,1,-3.7,8,16.4,8,1,13.3,8,6.8,8,1,6,8,-8.9,8,1,-11.1,8,-15.9,8,1,-18,8,-5.4,8,1,-4.6,8,-12.8,8,1,-10,8
2021,3,16,5.8,8,1,4.5,8,-1.5,8,1,-3.5,8,17.1,8,1,13.5,8,10,8,1,6.2,8,-5.1,8,1,-10.9,8,-13.7,8,1,-17.8,8,-5.4,8,1,-4.8,8,-7.8,8,1,-10.2,8
2021,3,17,7.5,8,1,4.7,8,1.6,8,1,-3.3,8,17,8,1,13.6,8,7.1,8,1,6.3,8,-5.4,5,1,-10.7,8,-9.1,5,1,-17.6,8,-6.6,8,1,-5,8,-11.3,8,1,-10.4,8
2021,3,18,5.3,8,1,4.9,8,1.4,8,1,-3.2,8,16.1,8,1,13.8,8,6.2,8,1,6.4,8,-5.2,5,1,-10.5,8,-9.6,5,1,-17.4,8,-3.8,8,1,-5.1,8,-14.7,8,1,-10.6,8
2021,3,19,5.1,8,1,5,8,-1.1,8,1,-3,8,18.5,8,1,13.9,8,8.5,8,1,6.6,8,-6.7,8,1,-10.3,8,-10.2,8,1,-17.2,8,-2.1,8,1,-5.2,8,-4.7,8,1,-10.7,8
2021,3,20,6,8,1,5.2,8,-0.8,8,1,-2.9,8,19.9,8,1,14,8,10.9,8,1,6.7,8,-3.8,5,1,-10.2,8,-9.4,5,1,-17.1,8,-1.8,8,1,-5.3,8,-8.3,8,1,-10.9,8
2021,3,21,4.5,8,1,5.3,8,-1.1,8,1,-2.7,8,18.5,8,1,14.2,8,11.8,8,1,6.9,8,-0.2,5,1,-10.1,8,-5.7,5,1,-17,8,-4.1,8,1,-5.4,8,-9.6,8,1,-10.9,8
2021,3,22,8.2,8,1,5.5,8,2.1,8,1,-2.6,8,13.9,8,1,14.3,8,7,8,1,7,8,-3.3,8,1,-10,8,-21.3,8,1,-16.8,8,-2.7,8,1,-5.5,8,-4.6,8,1,-11,8
2021,3,23,9.5,8,1,5.7,8,-1.5,8,1,-2.5,8,13.6,8,1,14.4,8,5.6,8,1,7.2,8,-9.4,5,1,-9.9,8,-21.5,5,1,-16.7,8,-3.1,8,1,-5.6,8,-6.3,8,1,-11,8
2021,3,24,9.3,8,1,5.8,8,3.3,8,1,-2.4,8,18.2,8,1,14.6,8,7.9,8,1,7.3,8,-6.9,8,1,-9.8,8,-11,8,1,-16.6,8,-5.9,8,1,-5.6,8,-10.2,8,1,-11,8
2021,3,25,9.2,8,1,6,8,3.4,8,1,-2.3,8,15.4,8,1,14.7,8,11.5,8,1,7.4,8,-7.5,5,1,-9.7,8,-14.3,5,1,-16.5,8,-6.2,8,1,-5.6,8,-8.3,8,1,-11,8
2021,3,26,12,8,1,6.1,8,2.6,8,1,-2.1,8,21.2,8,1,14.9,8,9.5,8,1,7.6,8,-8.7,5,1,-9.6,8,-15.5,5,1,-16.4,8,-4.9,8,1,-5.6,8,-7.9,8,1,-10.9,8
2021,3,27,7.2,8,1,6.3,8,0.3,8,1,-2,8,18.3,8,1,15.1,8,8.3,8,1,7.7,8,-5.7,5,1,-9.5,8,-8.9,5,1,-16.3,8,-4.4,8,1,-5.6,8,-6.7,8,1,-10.9,8
2021,3,28,8,8,1,6.5,8,1.4,8,1,-1.8,8,16.7,8,1,15.2,8,14.3,8,1,7.9,8,-3.5,5,1,-9.3,8,-10.8,5,1,-16.1,8,-1.4,8,1,-5.7,8,-5.2,8,1,-10.9,8
2021,3,29,8,8,1,6.7,8,4.4,8,1,-1.7,8,20.8,8,1,15.5,8,13,8,1,8.1,8,-1.6,5,1,-9.2,8,-10.5,5,1,-15.9,8,-1.7,5,1,-5.7,8,-4.5,8,1,-11,8
2021,3,30,9.5,8,1,6.9,8,3.1,8,1,-1.5,8,22.4,8,1,15.7,8,12.8,8,1,8.3,8,-5.8,5,1,-9,8,-10.2,5,1,-15.7,8,-2.5,8,1,-5.7,8,-18.1,8,1,-11,8
2021,3,31,14,8,1,7,8,1,8,1,-1.3,8,18.9,8,1,15.9,8,11.3,8,1,8.4,8,-6.6,8,1,-8.8,8,-10.4,8,1,-15.4,8,-2.6,8,1,-5.8,8,-17,8,1,-11.1,8
2021,4,1,13.5,8,1,7.2,8,-0.3,8,1,-1.1,8,21.9,8,1,16.1,8,11.1,8,1,8.6,8,-3.1,8,1,-8.6,8,-10.3,8,1,-15.2,8,-1.2,8,1,-5.9,8,-3.3,8,1,-11.2,8
2021,4,2,7,8,1,7.4,8,0.4,8,1,-1,8,23.8,8,1,16.4,8,15.8,8,1,8.8,8,-0.4,8,1,-8.4,8,-4.4,8,1,-14.9,8,-3.2,8,1,-6,8,-6.8,8,1,-11.4,8
2021,4,3,6.7,8,1,7.6,8,1.9,8,1,-0.8,8,21,8,1,16.6,8,15.9,8,1,9,8,-0.9,8,1,-8.1,8,-4.2,8,1,-14.7,8,-5.5,8,1,-6.1,8,-9.7,8,1,-11.5,8
2021,4,4,8.7,8,1,7.8,8,3.4,8,1,-0.6,8,19.8,8,1,16.8,8,13.6,8,1,9.2,8,-0.6,8,1,-7.9,8,-4.6,8,1,-14.4,8,-6.4,8,1,-6.3,8,-10.6,8,1,-11.7,8
2021,4,5,11.8,8,1,7.9,8,0.7,8,1,-0.4,8,15.6,8,1,17,8,9.6,8,1,9.4,8,-1.3,8,1,-7.7,8,-11.1,8,1,-14.2,8,-5.7,8,1,-6.4,8,-15.6,8,1,-11.9,8
2021,4,6,6.3,8,1,8.1,8,-0.3,8,1,-0.3,8,14.2,8,1,17.2,8,8.7,8,1,9.6,8,-7,8,1,-7.6,8,-12.4,8,1,-14,8,-7.7,8,1,-6.5,8,-14.3,8,1,-12,8
2021,4,7,5.5,8,1,8.3,8,2.1,8,1,-0.1,8,18.7,8,1,17.4,8,9.7,8,1,9.8,8,-11.9,8,1,-7.4,8,-16.2,8,1,-13.7,8,-9.2,8,1,-6.7,8,-13.3,8,1,-12.2,8
2021,4,8,8,8,1,8.4,8,-0.9,8,1,0,8,18.7,8,1,17.5,8,10.7,8,1,10,8,-12.1,5,1,-7.2,8,-17.8,5,1,-13.5,8,-12.2,8,1,-6.8,8,-23.8,8,1,-12.3,8
2021,4,9,5.6,8,1,8.6,8,-3.9,8,1,0.2,8,17.1,8,1,17.7,8,7,8,1,10.2,8,-14.1,5,1,-7,8,-17.9,5,1,-13.3,8,-11.7,8,1,-6.9,8,-26.5,8,1,-12.4,8
2021,4,10,12.3,8,1,8.7,8,-0.4,8,1,0.4,8,15.4,8,1,17.9,8,5.7,8,1,10.4,8,-11.2,5,1,-6.9,8,-15.9,5,1,-13.2,8,-4.2,8,1,-7,8,-12.1,8,1,-12.5,8
2021,4,11,12.6,8,1,8.8,8,-1.9,8,1,0.5,8,18.4,8,1,18.1,8,7.4,8,1,10.6,8,-8.9,5,1,-6.7,8,-15.7,5,1,-13,8,-5.1,8,1,-7.1,8,-9.4,8,1,-12.6,8
2021,4,12,9.3,8,1,9,8,-1.2,8,1,0.7,8,20.8,8,1,18.3,8,12.6,8,1,10.8,8,-2.7,5,1,-6.5,8,-10.2,5,1,-12.8,8,-8.7,8,1,-7.2,8,-13.3,8,1,-12.7,8
2021,4,13,7.9,8,1,9.1,8,5.1,8,1,0.9,8,19.9,8,1,18.5,8,15,8,1,11,8,-1.9,5,1,-6.3,8,-10.4,5,1,-12.6,8,-10.4,8,1,-7.3,8,-17.6,8,1,-12.8,8
2021,4,14,7.9,8,1,9.2,8,0.3,8,1,1,8,20,8,1,18.6,8,8.7,8,1,11.2,8,-0.6,8,1,-6.1,8,-11.7,8,1,-12.4,8,-13.4,8,1,-7.5,8,-19.6,8,1,-13,8
2021,4,15,12.4,8,1,9.4,8,-0.9,8,1,1.2,8,17.6,8,1,18.8,8,6.7,8,1,11.4,8,-7.4,8,1,-6,8,-13,8,1,-12.2,8,-9.5,8,1,-7.6,8,-15.6,8,1,-13.1,8
2021,4,16,10,8,1,9.5,8,-1,8,1,1.4,8,20.1,8,1,19,8,13.4,8,1,11.6,8,-4.1,5,1,-5.7,8,-11.2,5,1,-12,8,-10.7,8,1,-7.8,8,-15.9,8,1,-13.3,8
2021,4,17,7.2,8,1,9.7,8,5.8,8,1,1.6,8,15.3,8,1,19.2,8,13,8,1,11.8,8,-2.7,5,1,-5.5,8,-6.8,5,1,-11.8,8,-13,8,1,-8,8,-16.5,8,1,-13.5,8
2021,4,18,10.1,8,1,9.8,8,5.2,8,1,1.7,8,15.6,8,1,19.4,8,8.5,8,1,12,8,-7.2,5,1,-5.4,8,-17.5,5,1,-11.7,8,-8.1,8,1,-8.2,8,-14.4,8,1,-13.7,8
2021,4,19,15.7,8,1,10,8,4.8,8,1,1.9,8,17.5,8,1,19.6,8,8.4,8,1,12.2,8,-11.1,5,1,-5.2,8,-16.5,5,1,-11.5,8,-7.1,8,1,-8.3,8,-15,8,1,-13.9,8
2021,4,20,15.2,8,1,10.2,8,3.7,8,1,2.1,8,22.1,8,1,19.7,8,10.9,8,1,12.4,8,-7.2,8,1,-5,8,-12.3,8,1,-11.3,8,-14.2,8,1,-8.5,8,-23,8,1,-14.1,8
2021,4,21,13.6,8,1,10.3,8,1.7,8,1,2.2,8,22.7,8,1,19.9,8,13.3,8,1,12.5,8,-7.7,8,1,-4.8,8,-11.5,8,1,-11.2,8,-12,8,1,-8.7,8,-27.6,8,1,-14.3,8
2021,4,22,13,8,1,10.5,8,3.1,8,1,2.4,8,25.1,8,1,20,8,13.1,8,1,12.7,8,-7.9,8,1,-4.7,8,-10.5,8,1,-11,8,-5.5,8,1,-8.9,8,-12.7,8,1,-14.5,8
2021,4,23,16.2,8,1,10.7,8,1.9,8,1,2.6,8,23.3,8,1,20.2,8,13.9,8,1,12.8,8,-6.4,5,1,-4.5,8,-10.7,5,1,-10.9,8,-6.4,8,1,-9,8,-10.1,8,1,-14.7,8
2021,4,24,8.9,8,1,10.9,8,2,8,1,2.7,8,20.2,8,1,20.4,8,16.1,8,1,13,8,-1.5,5,1,-4.4,8,-7.2,5,1,-10.7,8,-5.7,8,1,-9.1,8,-8.6,8,1,-14.8,8
2021,4,25,12.3,8,1,11.1,8,2.1,8,1,2.9,8,22.8,8,1,20.5,8,10.8,8,1,13.2,8,-6.7,5,1,-4.2,8,-10.6,5,1,-10.5,8,-5.4,8,1,-9.2,8,-6.9,8,1,-15,8
2021,4,26,9.7,8,1,11.3,8,-0.1,8,1,3.1,8,19,8,1,20.7,8,9.7,8,1,13.4,8,-7.8,5,1,-4.1,8,-16.6,5,1,-10.3,8,-6.7,8,1,-9.4,8,-8.2,8,1,-15.1,8
2021,4,27,15.8,8,1,11.5,8,-2.1,8,1,3.3,8,19.8,8,1,20.9,8,9.6,8,1,13.6,8,-3.4,8,1,-3.9,8,-8.3,8,1,-10.1,8,-5.5,8,1,-9.5,8,-7.4,8,1,-15.3,8
2021,4,28,11.3,8,1,11.6,8,4.8,8,1,3.5,8,18.3,8,1,21.1,8,15.2,8,1,13.8,8,-4,8,1,-3.7,8,-9,8,1,-9.8,8,-7,8,1,-9.5,8,-10.2,8,1,-15.4,8
2021,4,29,12.1,8,1,11.8,8,6.5,8,1,3.7,8,16.7,8,1,21.3,8,13.1,8,1,14,8,-0.8,8,1,-3.5,8,-5.8,8,1,-9.6,8,-9.4,8,1,-9.6,8,-14.3,8,1,-15.5,8
2021,4,30,11,8,1,12,8,6.7,8,1,3.8,8,21.7,8,1,21.5,8,13.6,8,1,14.2,8,-3.6,5,1,-3.3,8,-12.6,5,1,-9.3,8,-8.2,8,1,-9.7,8,-15.5,8,1,-15.7,8
2021,5,1,14.1,8,1,12.2,8,5.2,8,1,4,8,22.7,8,1,21.7,8,13.9,8,1,14.4,8,-4.7,5,1,-3.1,8,-12.1,5,1,-9,8,-10,8,1,-9.8,8,-23.5,8,1,-15.8,8
2021,5,2,11,8,1,12.3,8,4.8,8,1,4.2,8,16.1,8,1,21.9,8,10.4,8,1,14.6,8,-7,5,1,-2.8,8,-17.4,5,1,-8.7,8,-14.5,8,1,-9.8,8,-22.2,8,1,-15.9,8
2021,5,3,8.4,8,1,12.5,8,3.9,8,1,4.4,8,19.5,8,1,22.1,8,9.9,8,1,14.8,8,-11.7,5,1,-2.6,8,-17.4,5,1,-8.5,8,-11.9,8,1,-9.9,8,-17.9,8,1,-16,8
2021,5,4,16.3,8,1,12.6,8,3.7,8,1,4.6,8,22.1,8,1,22.3,8,13.4,8,1,14.9,8,-2.8,8,1,-2.4,8,-13,8,1,-8.2,8,-10,8,1,-9.9,8,-16,8,1,-16.1,8
2021,5,5,12.3,8,1,12.8,8,5.8,8,1,4.7,8,19.2,8,1,22.4,8,16.1,8,1,15.1,8,-0.3,5,1,-2.2,8,-10,5,1,-8,8,-15.1,8,1,-10,8,-18,8,1,-16.2,8
2021,5,6,15.8,8,1,12.9,8,7.1,8,1,4.9,8,22.5,8,1,22.5,8,12.4,8,1,15.2,8,-0.1,5,1,-1.9,8,-9,5,1,-7.7,8,-15.1,8,1,-10,8,-22.9,8,1,-16.3,8
2021,5,7,14.6,8,1,13,8,5,8,1,5,8,19.7,8,1,22.6,8,15.3,8,1,15.3,8,0,5,1,-1.8,8,-8.9,5,1,-7.5,8,-9.9,8,1,-10.1,8,-16.6,8,1,-16.3,8
2021,5,8,16.3,8,1,13.1,8,8.2,8,1,5.2,8,20.7,8,1,22.7,8,15.7,8,1,15.4,8,-5.4,5,1,-1.6,8,-8.3,5,1,-7.4,8,-7.1,8,1,-10.2,8,-11.5,8,1,-16.4,8
2021,5,9,11.9,8,1,13.3,8,4.1,8,1,5.3,8,25.2,8,1,22.8,8,16.5,8,1,15.5,8,-4.2,5,1,-1.4,8,-9.5,5,1,-7.2,8,-4.6,8,1,-10.3,8,-7.6,8,1,-16.6,8
2021,5,10,15.2,8,1,13.4,8,6.6,8,1,5.5,8,23.4,8,1,22.9,8,13.9,8,1,15.5,8,-4.1,5,1,-1.2,8,-9.7,5,1,-7,8,-3.1,4,1,-10.4,8,-4.6,4,1,-16.7,8
2021,5,11,14.1,8,1,13.5,8,5.5,8,1,5.7,8,23.3,8,1,23,8,16,8,1,15.6,8,-4,8,1,-1.1,8,-10.2,8,1,-6.9,8,-4.3,4,1,-10.6,8,-8,8,1,-16.8,8
2021,5,12,10.6,8,1,13.6,8,3.1,8,1,5.8,8,21,8,1,23,8,15.6,8,1,15.7,8,-0.8,8,1,-1,8,-5.5,8,1,-6.8,8,-7.2,8,1,-10.7,8,-11.1,8,1,-16.9,8
2021,5,13,10.4,8,1,13.7,8,6.9,8,1,6,8,26.7,8,1,23.1,8,17,8,1,15.9,8,3,5,1,-0.9,8,-2.2,5,1,-6.7,8,-9,8,1,-10.8,8,-16.3,8,1,-17,8
2021,5,14,22.2,5,1,13.8,8,7.1,5,1,6.2,8,26.8,8,1,23.2,8,18.9,8,1,16,8,3.1,5,1,-0.8,8,-1.1,5,1,-6.6,8,-11.3,8,1,-10.9,8,-14.8,8,1,-17.1,8
2021,5,15,14.5,8,1,13.9,8,5.3,8,1,6.4,8,24.8,8,1,23.4,8,19.1,8,1,16.1,8,6.3,8,1,-0.7,8,-1.8,8,1,-6.5,8,-8.7,8,1,-11,8,-12.1,8,1,-17.2,8
2021,5,16,11,8,1,14.1,8,9.4,8,1,6.6,8,23.7,8,1,23.5,8,19.4,8,1,16.3,8,3.4,8,1,-0.6,8,-1.6,8,1,-6.4,8,-7.1,8,1,-11.1,8,-11.2,8,1,-17.3,8
2021,5,17,19.7,8,1,14.2,8,10.4,8,1,6.8,8,23.6,8,1,23.6,8,20.8,8,1,16.4,8,4.5,5,1,-0.5,8,2.2,5,1,-6.3,8,-9.5,8,1,-11.1,8,-14,8,1,-17.4,8
2021,5,18,15.8,8,1,14.3,8,8.8,8,1,7,8,25.2,8,1,23.8,8,19.8,8,1,16.6,8,3,5,1,-0.4,8,1.1,5,1,-6.2,8,-9.2,8,1,-11.1,8,-10.6,8,1,-17.4,8
2021,5,19,13.9,8,1,14.5,8,9.4,8,1,7.2,8,22.9,8,1,23.9,8,19.1,8,1,16.8,8,2,8,1,-0.3,8,-6.4,8,1,-6.1,8,-7,8,1,-11.1,8,-10.9,8,1,-17.4,8
2021,5,20,15.1,8,1,14.6,8,10.8,8,1,7.4,8,23,8,1,24.1,8,19,8,1,16.9,8,3.2,5,1,-0.2,8,-6.7,5,1,-5.9,8,-7.9,8,1,-11.1,8,-10.9,8,1,-17.4,8
2021,5,21,16.1,8,1,14.7,8,10.7,8,1,7.6,8,23.1,8,1,24.2,8,18.7,8,1,17.1,8,4.3,5,1,0,8,-1,5,1,-5.8,8,-7,8,1,-11.1,8,-9.1,8,1,-17.5,8
2021,5,22,14.3,8,1,14.9,8,10.2,8,1,7.7,8,23.1,8,1,24.4,8,17.3,8,1,17.3,8,-1.5,8,1,0.1,8,-6.1,8,1,-5.7,8,-7.7,5,1,-11,8,-14.5,8,1,-17.4,8
2021,5,23,14.5,8,1,15,8,10,8,1,7.9,8,24.5,8,1,24.5,8,17.1,8,1,17.4,8,0.4,8,1,0.2,8,-5.7,8,1,-5.5,8,-13,8,1,-11,8,-23.7,8,1,-17.4,8
2021,5,24,16.6,8,1,15.1,8,10.4,8,1,8.1,8,24.1,8,1,24.7,8,17.2,8,1,17.6,8,3.8,5,1,0.3,8,-1.1,5,1,-5.4,8,-17.3,8,1,-11,8,-23.9,8,1,-17.4,8
2021,5,25,22.7,8,1,15.2,8,10.1,8,1,8.2,8,23.2,8,1,24.8,8,17.6,8,1,17.7,8,2.3,5,1,0.5,8,-6.5,5,1,-5.3,8,-19.3,8,1,-10.9,8,-27,8,1,-17.4,8
2021,5,26,21.6,8,1,15.3,8,8.9,8,1,8.3,8,22.3,8,1,24.9,8,17.2,8,1,17.8,8,0.8,5,1,0.6,8,-8.2,5,1,-5.1,8,-14.1,8,1,-10.9,8,-20.3,8,1,-17.3,8
2021,5,27,14.8,8,1,15.4,8,6.9,8,1,8.5,8,19.3,8,1,25,8,14.6,8,1,18,8,3,5,1,0.8,8,-6.1,5,1,-5,8,-9.2,8,1,-11,8,-14.6,8,1,-17.4,8
2021,5,28,14.4,8,1,15.5,8,9.8,8,1,8.6,8,22.9,8,1,25.1,8,17.5,8,1,18.1,8,0.7,5,1,0.9,8,-6.1,5,1,-4.8,8,-8.6,8,1,-11,8,-15.7,8,1,-17.4,8
2021,5,29,12.5,8,1,15.6,8,8.9,8,1,8.7,8,26.8,8,1,25.2,8,19.8,8,1,18.2,8,0.6,5,1,1.1,8,-8.9,5,1,-4.7,8,-13.8,8,1,-11.1,8,-17.8,8,1,-17.5,8
2021,5,30,19,8,1,15.6,8,9.9,8,1,8.9,8,25.9,8,1,25.3,8,17.4,8,1,18.3,8,-2.4,8,1,1.2,8,-5.6,8,1,-4.5,8,-11.4,8,1,-11.2,8,-15.2,8,1,-17.6,8
2021,5,31,16.5,8,1,15.7,8,7.6,8,1,9,8,26.9,8,1,25.4,8,17.3,8,1,18.5,8,0.8,8,1,1.4,8,-6.4,8,1,-4.3,8,-15,8,1,-11.4,8,-23.5,8,1,-17.8,8
2021,6,1,14.2,8,1,15.8,8,7.5,8,1,9.2,8,27.6,8,1,25.5,8,18.4,8,1,18.6,8,4.5,5,1,1.5,8,-7.2,5,1,-4.2,8,-20,8,1,-11.5,8,-27.3,8,1,-17.9,8
2021,6,2,17.1,8,1,15.8,8,9.3,8,1,9.3,8,27.6,8,1,25.6,8,20.2,8,1,18.7,8,5.3,5,1,1.7,8,-0.4,5,1,-4,8,-12.9,8,1,-11.7,8,-21.5,8,1,-18.1,8
2021,6,3,17,8,1,15.9,8,11,8,1,9.5,8,26.1,8,1,25.7,8,20.2,8,1,18.9,8,6,8,1,1.9,8,-1.1,8,1,-3.8,8,-9.7,8,1,-11.8,8,-16.8,8,1,-18.3,8
2021,6,4,15.7,8,1,15.9,8,10,8,1,9.6,8,23.3,8,1,25.8,8,19.2,8,1,19,8,6.7,8,1,2.1,8,-2.2,8,1,-3.6,8,-11.1,8,1,-11.9,8,-14.6,8,1,-18.5,8
2021,6,5,19.8,8,1,16,8,7.5,8,1,9.8,8,23.1,8,1,25.9,8,18.7,8,1,19.1,8,2,8,1,2.2,8,-2.3,8,1,-3.4,8,-10.2,8,1,-12,8,-17.2,8,1,-18.6,8
2021,6,6,19.4,8,1,16,8,10.4,8,1,10,8,26,8,1,26,8,19.1,8,1,19.3,8,3.6,8,1,2.4,8,-1.7,8,1,-3.1,8,-16.2,8,1,-12.1,8,-22,8,1,-18.7,8
2021,6,7,22.3,8,1,16.1,8,13.3,8,1,10.1,8,28.4,8,1,26.1,8,20.8,8,1,19.4,8,1.6,8,1,2.6,8,-2.7,8,1,-2.9,8,-20.1,8,1,-12.1,8,-23.9,8,1,-18.7,8
2021,6,8,24.7,8,1,16.2,8,11,8,1,10.3,8,30.3,8,1,26.2,8,20.7,8,1,19.6,8,2.6,8,1,2.8,8,-2.2,8,1,-2.7,8,-18.6,8,1,-12,8,-25.2,8,1,-18.7,8
2021,6,9,17.5,8,1,16.3,8,11.9,8,1,10.5,8,30.5,8,1,26.3,8,21.4,8,1,19.7,8,3.3,8,1,3,8,-1.7,8,1,-2.5,8,-16.1,8,1,-12,8,-20.3,8,1,-18.6,8
2021,6,10,20.4,8,1,16.4,8,11.2,8,1,10.6,8,29.1,8,1,26.4,8,21.7,8,1,19.9,8,6,8,1,3.2,8,1,8,1,-2.2,8,-14.7,8,1,-11.9,8,-29.6,8,1,-18.5,8
2021,6,11,22.3,8,1,16.5,8,12.7,8,1,10.8,8,26.5,8,1,26.4,8,21.3,8,1,20,8,10.2,8,1,3.4,8,1.2,8,1,-2,8,-24.7,8,1,-11.9,8,-30.4,8,1,-18.4,8
2021,6,12,19.1,8,1,16.6,8,14.3,8,1,11,8,25.8,8,1,26.5,8,21.8,8,1,20.1,8,6.9,8,1,3.6,8,1.2,8,1,-1.8,8,-23.7,8,1,-11.8,8,-31.4,8,1,-18.3,8
2021,6,13,20.4,8,1,16.8,8,13.8,8,1,11.2,8,26,8,1,26.6,8,20.7,8,1,20.3,8,5.7,8,1,3.8,8,0.2,8,1,-1.6,8,-16.3,8,1,-11.8,8,-32.1,8,1,-18.3,8
2021,6,14,24,8,1,16.9,8,13,8,1,11.3,8,27.9,8,1,26.6,8,20.6,8,1,20.4,8,1.7,8,1,3.9,8,-1.5,8,1,-1.5,8,-12.9,8,1,-11.7,8,-19.5,8,1,-18.2,8
2021,6,15,16.4,8,1,17.1,8,13.5,8,1,11.5,8,29.4,8,1,26.7,8,22.3,8,1,20.5,8,1.6,5,1,4.1,8,-1.8,5,1,-1.3,8,-17.5,8,1,-11.7,8,-26.2,8,1,-18.2,8
2021,6,16,17.7,8,1,17.2,8,13.5,8,1,11.7,8,23.9,8,1,26.7,8,21.3,8,1,20.7,8,3.5,5,1,4.2,8,-3.2,5,1,-1.1,8,-15.7,8,1,-11.7,8,-25.2,8,1,-18.2,8
2021,6,17,17.2,8,1,17.4,8,13.1,8,1,11.8,8,27.8,8,1,26.7,8,21.6,8,1,20.8,8,-0.3,8,1,4.4,8,-3.4,8,1,-1,8,-7,8,1,-11.8,8,-17.1,8,1,-18.3,8
2021,6,18,15.6,8,1,17.5,8,13.7,8,1,12,8,24,8,1,26.8,8,21.4,8,1,20.9,8,3.7,5,1,4.5,8,-1.8,5,1,-0.8,8,-5.5,8,1,-11.8,8,-7.7,8,1,-18.4,8
2021,6,19,15.3,8,1,17.7,8,12.4,8,1,12.1,8,23.3,8,1,26.8,8,20.3,8,1,21,8,4.2,5,1,4.7,8,-0.2,5,1,-0.7,8,-7.4,8,1,-11.9,8,-17.5,8,1,-18.5,8
2021,6,20,19.1,8,1,17.8,8,11.7,8,1,12.3,8,28.1,8,1,26.9,8,19.9,8,1,21.2,8,5.2,5,1,4.8,8,-3.5,5,1,-0.5,8,-15.3,8,1,-12,8,-30.3,8,1,-18.6,8
2021,6,21,16.3,8,1,18,8,13.6,8,1,12.4,8,29,8,1,27,8,20.1,8,1,21.3,8,2.3,5,1,4.9,8,-1.8,5,1,-0.3,8,-21.1,8,1,-12,8,-31.3,8,1,-18.7,8
2021,6,22,18.7,8,1,18.1,8,13.7,8,1,12.5,8,26.6,8,1,27.1,8,21.9,8,1,21.5,8,2.7,5,1,5.1,8,-1.7,5,1,-0.2,8,-6.7,8,1,-12,8,-22.3,8,1,-18.9,8
2021,6,23,18.8,8,1,18.3,8,11.6,8,1,12.7,8,29.7,8,1,27.2,8,21.4,8,1,21.6,8,2.7,5,1,5.2,8,-1.4,5,1,0,8,-4.5,8,1,-12,8,-6.9,8,1,-19,8
2021,6,24,17.2,8,1,18.5,8,15.4,8,1,12.9,8,27.6,8,1,27.3,8,21.8,8,1,21.8,8,-0.1,5,1,5.3,8,-3.9,5,1,0.1,8,-4.6,8,1,-12,8,-6.7,8,1,-19,8
2021,6,25,18.4,8,1,18.6,8,14,8,1,13,8,28,8,1,27.4,8,22.3,8,1,21.9,8,3,5,1,5.5,8,-2.8,5,1,0.3,8,-6.1,8,1,-12,8,-11.5,8,1,-19.1,8
2021,6,26,20,8,1,18.8,8,13.2,8,1,13.2,8,25.6,8,1,27.5,8,22.7,8,1,22.1,8,4.4,5,1,5.6,8,-1.7,5,1,0.4,8,-9.3,8,1,-12,8,-17.5,8,1,-19.2,8
2021,6,27,21.7,8,1,18.9,8,13.9,8,1,13.3,8,26.7,8,1,27.7,8,22.9,8,1,22.3,8,6.5,5,1,5.8,8,0.2,5,1,0.6,8,-16.7,8,1,-12,8,-22.6,8,1,-19.2,8
2021,6,28,20.1,8,1,19.1,8,13.8,8,1,13.5,8,27.5,8,1,27.8,8,22.3,8,1,22.5,8,6,5,1,5.9,8,1.1,5,1,0.8,8,-18.4,8,1,-12.1,8,-22.3,8,1,-19.3,8
2021,6,29,20.8,8,1,19.2,8,15.7,8,1,13.7,8,28,8,1,28,8,21.1,8,1,22.6,8,3.7,5,1,6,8,0.4,5,1,0.9,8,-12.1,8,1,-12.1,8,-22,8,1,-19.3,8
2021,6,30,21.5,8,1,19.3,8,15.9,8,1,13.8,8,28.4,8,1,28.1,8,22.7,8,1,22.8,8,2.8,5,1,6.2,8,-0.5,5,1,1,8,-11.8,8,1,-12.2,8,-16.5,8,1,-19.4,8
